CANtime,Speed (km/h),Battery Level (%),Throttle,Brake,Steering,Gear,Location_x,Location_y,Location_z,attacked
07/04/2025 22:22,21.14,99.91,0,0.01,0,1,-45.16,-41.66,0,FALSE
07/04/2025 22:22,15.53,99.91,0,0.01,0,1,-45.16,-41.66,0,FALSE
07/04/2025 22:22,15.53,99.91,0,0.01,0,1,-45.16,-41.66,0,FALSE
07/04/2025 22:22,15.53,99.85,0,0.01,0,1,-45.16,-41.66,0,FALSE
07/04/2025 22:22,15.53,99.85,0.54,0.01,0,1,-45.16,-41.66,0,FALSE
07/04/2025 22:22,15.53,99.85,0.54,0,0,1,-45.16,-41.66,0,FALSE
07/04/2025 22:22,15.53,99.85,0.54,0,0,1,-46.29,-54.09,0,FALSE
07/04/2025 22:22,28.99,99.85,0.54,0,0,1,-46.29,-54.09,0,FALSE
07/04/2025 22:22,28.99,99.79,0.54,0,0,1,-46.29,-54.09,0,FALSE
07/04/2025 22:22,28.99,99.79,0.54,0,0,1,-46.29,-54.09,0,FALSE
07/04/2025 22:22,28.99,99.79,0.61,0,0,1,-46.29,-54.09,0,FALSE
07/04/2025 22:22,28.99,99.79,0.61,0,-0.15,1,-46.29,-54.09,0,FALSE
07/04/2025 22:22,28.99,99.79,0.61,0,-0.15,1,-57.94,-64.43,0,FALSE
07/04/2025 22:22,29.68,99.79,0.61,0,-0.15,1,-57.94,-64.43,0,FALSE
07/04/2025 22:22,29.68,99.79,0.61,0,-0.15,1,-57.94,-64.43,0,FALSE
07/04/2025 22:22,29.68,99.75,0.61,0,-0.15,1,-57.94,-64.43,0,FALSE
07/04/2025 22:22,29.68,99.75,0.46,0,-0.15,1,-57.94,-64.43,0,FALSE
07/04/2025 22:22,29.68,99.75,0.46,0,-0.18,1,-57.94,-64.43,0,FALSE
07/04/2025 22:22,29.68,99.75,0.46,0,-0.18,1,-74.23,-64.77,0,FALSE
07/04/2025 22:22,29,99.75,0.46,0,-0.18,1,-74.23,-64.77,0,FALSE
07/04/2025 22:22,29,99.75,0.46,0,-0.18,1,-74.23,-64.77,0,FALSE
07/04/2025 22:22,29,99.71,0.46,0,-0.18,1,-74.23,-64.77,0,FALSE
07/04/2025 22:22,29,99.71,0.36,0,-0.18,1,-74.23,-64.77,0,FALSE
07/04/2025 22:22,29,99.71,0.36,0,-0.06,1,-74.23,-64.77,0,FALSE
07/04/2025 22:22,29,99.71,0.36,0,-0.06,1,-89.53,-59.73,0,FALSE
07/04/2025 22:22,29.05,99.71,0.36,0,-0.06,1,-89.53,-59.73,0,FALSE
07/04/2025 22:22,29.05,99.71,0.36,0,-0.06,1,-89.53,-59.73,0,TRUE
07/04/2025 22:22,29.05,99.68,0.36,0,-0.06,1,-89.53,-59.73,0,TRUE
07/04/2025 22:22,29.05,99.68,0.36,0,-0.07,1,-89.53,-59.73,0,TRUE
07/04/2025 22:22,29.05,99.68,0.36,0,-0.07,1,-101.29,-48.53,0,TRUE
07/04/2025 22:22,29.07,99.68,0.36,0,-0.07,1,-101.29,-48.53,0,TRUE
07/04/2025 22:22,29.07,99.68,0.36,0,-0.07,1,-101.29,-48.53,0,TRUE
07/04/2025 22:22,29.07,99.64,0.36,0,-0.07,1,-101.29,-48.53,0,TRUE
07/04/2025 22:22,29.07,99.64,0.37,0,-0.07,1,-101.29,-48.53,0,TRUE
07/04/2025 22:22,29.07,99.64,0.37,0,-0.03,1,-101.29,-48.53,0,TRUE
07/04/2025 22:22,29.07,99.64,0.37,0,-0.03,1,-108.18,-33.69,0,TRUE
07/04/2025 22:22,29.07,99.64,0.37,0,-0.03,1,-108.18,-33.69,0,TRUE
07/04/2025 22:22,29.11,99.64,0.37,0,-0.03,1,-108.18,-33.69,0,TRUE
07/04/2025 22:22,29.11,99.61,0.37,0,-0.03,1,-108.18,-33.69,0,TRUE
07/04/2025 22:22,29.11,99.61,0.33,0,-0.03,1,-108.18,-33.69,0,TRUE
07/04/2025 22:22,29.11,99.61,0.33,0,-0.08,1,-108.18,-33.69,0,TRUE
07/04/2025 22:22,29.11,99.61,0.33,0,-0.08,1,-109.56,-25.72,0,TRUE
07/04/2025 22:22,29.05,99.61,0.33,0,-0.08,1,-109.56,-25.72,0,TRUE
07/04/2025 22:22,29.05,99.61,0.33,0,-0.08,1,-109.56,-25.72,0,TRUE
07/04/2025 22:22,29.05,99.68,0.33,0,-0.08,1,-109.56,-25.72,0,TRUE
07/04/2025 22:22,29.05,99.68,0.36,0,-0.08,1,-109.56,-25.72,0,TRUE
07/04/2025 22:22,29.05,99.68,0.36,0,-0.07,1,-109.56,-25.72,0,TRUE
07/04/2025 22:22,29.07,99.68,0.36,0,-0.07,1,-109.56,-25.72,0,TRUE
07/04/2025 22:22,29.07,99.68,0.36,0,-0.07,1,-109.92,-18.51,0,TRUE
07/04/2025 22:22,29.07,99.64,0.36,0,-0.07,1,-109.92,-18.51,0,TRUE
07/04/2025 22:22,29.07,99.64,0.36,0,-0.07,1,-109.92,-18.51,0,TRUE
07/04/2025 22:22,27.03,99.64,0.36,0,-0.07,1,-109.92,-18.51,0,TRUE
07/04/2025 22:22,27.03,99.57,0.36,0,-0.07,1,-109.92,-18.51,0,TRUE
07/04/2025 22:22,27.03,99.57,0.34,0,-0.07,1,-109.92,-18.51,0,TRUE
07/04/2025 22:22,27.03,99.57,0.34,0,-0.07,1,-110.07,-12.39,0,TRUE
07/04/2025 22:22,27.03,99.57,0.37,0,-0.07,1,-110.07,-12.39,0,TRUE
07/04/2025 22:22,27.03,99.57,0.37,0,-0.07,1,-110.07,-12.39,0,TRUE
07/04/2025 22:22,27.03,99.57,0.37,0,-0.03,1,-110.07,-12.39,0,TRUE
07/04/2025 22:22,29.05,99.57,0.37,0,-0.03,1,-110.07,-12.39,0,TRUE
07/04/2025 22:22,29.05,99.68,0.37,0,-0.03,1,-110.07,-12.39,0,TRUE
07/04/2025 22:22,29.05,99.68,0.36,0,-0.03,1,-110.07,-12.39,0,TRUE
07/04/2025 22:22,29.05,99.68,0.36,0,-0.03,1,-110.11,-9.57,0,TRUE
07/04/2025 22:22,23.71,99.68,0.36,0,-0.03,1,-110.11,-9.57,0,TRUE
07/04/2025 22:22,23.71,99.55,0.36,0,-0.03,1,-110.11,-9.57,0,TRUE
07/04/2025 22:22,23.71,99.55,0.36,0,-0.03,1,-110.11,-9.57,0,TRUE
07/04/2025 22:22,23.71,99.55,0.19,0,-0.03,1,-110.11,-9.57,0,TRUE
07/04/2025 22:22,23.71,99.55,0.19,0,-0.01,1,-110.11,-9.57,0,TRUE
07/04/2025 22:22,23.71,99.55,0.19,0,-0.07,1,-110.11,-9.57,0,TRUE
07/04/2025 22:22,23.71,99.55,0.19,0,-0.07,1,-110.11,-9.57,0,TRUE
07/04/2025 22:22,29.07,99.55,0.19,0,-0.07,1,-110.11,-9.57,0,TRUE
07/04/2025 22:22,29.07,99.55,0.19,0,-0.07,1,-110.11,-9.57,0,TRUE
07/04/2025 22:22,29.07,99.64,0.19,0,-0.07,1,-110.11,-9.57,0,TRUE
07/04/2025 22:22,29.07,99.64,0.37,0,-0.07,1,-110.11,-9.57,0,TRUE
07/04/2025 22:22,29.07,99.64,0.37,0,-0.03,1,-110.11,-9.57,0,TRUE
07/04/2025 22:22,20.75,99.64,0.37,0,-0.03,1,-110.11,-9.57,0,TRUE
07/04/2025 22:22,20.75,99.53,0.37,0,-0.03,1,-110.11,-9.57,0,TRUE
07/04/2025 22:22,20.75,99.53,0.37,0,-0.03,1,-110.11,-9.57,0,TRUE
07/04/2025 22:22,20.75,99.53,0.21,0,-0.03,1,-110.11,-9.57,0,TRUE
07/04/2025 22:22,20.75,99.53,0.21,0,-0.03,1,-110.11,-9.57,0,FALSE
07/04/2025 22:22,20.75,99.53,0.21,0,0,1,-110.11,-9.57,0,FALSE
07/04/2025 22:22,29.05,99.53,0.21,0,0,1,-110.11,-9.57,0,FALSE
07/04/2025 22:22,29.05,99.68,0.21,0,0,1,-110.11,-9.57,0,FALSE
07/04/2025 22:22,29.05,99.68,0.36,0,0,1,-110.11,-9.57,0,FALSE
07/04/2025 22:22,29.05,99.68,0.36,0,-0.07,1,-110.11,-9.57,0,FALSE
07/04/2025 22:22,29.05,99.68,0.36,0,-0.07,1,-110.11,-9.57,0,FALSE
07/04/2025 22:22,29.05,99.68,0.36,0,-0.07,1,-110.11,-9.57,0,FALSE
07/04/2025 22:22,29.07,99.68,0.36,0,-0.07,1,-110.11,-9.57,0,FALSE
07/04/2025 22:22,0,99.68,0.36,0,-0.07,1,-110.11,-9.57,0,FALSE
07/04/2025 22:22,0,99.53,0.36,0,-0.07,1,-110.11,-9.57,0,FALSE
07/04/2025 22:22,0,99.53,0,0,-0.07,1,-110.11,-9.57,0,FALSE
07/04/2025 22:22,0,99.53,0,1,-0.07,1,-110.11,-9.57,0,FALSE
07/04/2025 22:22,0,99.53,0,1,-0.07,1,-110.11,-9.57,0,FALSE
07/04/2025 22:22,0,99.53,0,1,0,1,-110.11,-9.57,0,FALSE
07/04/2025 22:22,0,99.53,0,1,0,1,-110.11,-9.57,0,FALSE
07/04/2025 22:22,0,99.64,0,1,0,1,-110.11,-9.57,0,FALSE
07/04/2025 22:22,0,99.64,0.37,1,0,1,-110.11,-9.57,0,FALSE
07/04/2025 22:22,0,99.64,0.37,0,0,1,-110.11,-9.57,0,FALSE
07/04/2025 22:22,0,99.64,0.37,0,-0.03,1,-110.11,-9.57,0,FALSE
07/04/2025 22:22,0,99.64,0.37,0,-0.03,1,-110.11,-9.57,0,FALSE
07/04/2025 22:22,0,99.53,0.37,0,-0.03,1,-110.11,-9.57,0,FALSE
07/04/2025 22:22,0,99.53,0.37,0,-0.03,1,-110.11,-9.57,0,FALSE
07/04/2025 22:22,0,99.53,0,0,-0.03,1,-110.11,-9.57,0,FALSE
07/04/2025 22:22,0,99.53,0,1,-0.03,1,-110.11,-9.57,0,FALSE
07/04/2025 22:22,0,99.53,0,1,0,1,-110.11,-9.57,0,FALSE
07/04/2025 22:22,0,99.53,0,1,0,1,-110.11,-9.57,0,FALSE
07/04/2025 22:22,0,99.53,0,1,0,1,-110.11,-9.57,0,FALSE
07/04/2025 22:22,0,99.53,0,1,0,1,-110.11,-9.56,0,FALSE
07/04/2025 22:22,0,99.53,0,1,0,1,-110.11,-9.56,0,FALSE
07/04/2025 22:22,0,99.53,0,1,0,1,-110.16,-6.44,0,FALSE
07/04/2025 22:22,0,99.53,0,1,0,1,-110.16,-6.44,0,FALSE
07/04/2025 22:22,0.77,99.53,0,1,0,1,-110.16,-6.44,0,FALSE
07/04/2025 22:22,0.77,99.45,0,1,0,1,-110.16,-6.44,0,FALSE
07/04/2025 22:22,0.77,99.45,0.85,1,0,1,-110.16,-6.44,0,FALSE
07/04/2025 22:22,0.77,99.45,0.85,0,0,1,-110.16,-6.44,0,FALSE
07/04/2025 22:22,19.97,99.45,0.85,0,0,1,-110.16,-6.44,0,FALSE
07/04/2025 22:22,19.97,99.45,0.85,0,0,1,-110.19,-3.49,0,FALSE
07/04/2025 22:22,19.97,99.45,0,0,0,1,-110.19,-3.49,0,FALSE
07/04/2025 22:22,19.97,99.45,0,0,0,1,-110.19,-3.49,0,FALSE
07/04/2025 22:22,19.97,99.45,0,0.7,0,1,-110.19,-3.49,0,FALSE
07/04/2025 22:22,16.47,99.45,0,0.7,0,1,-110.19,-3.49,0,FALSE
07/04/2025 22:22,16.47,99.36,0,0.7,0,1,-110.19,-3.49,0,FALSE
07/04/2025 22:22,16.47,99.36,0,0.7,0,1,-110.25,1.2,0,FALSE
07/04/2025 22:22,16.47,99.36,0.85,0.7,0,1,-110.25,1.2,0,FALSE
07/04/2025 22:22,16.47,99.36,0.85,0,0,1,-110.25,1.2,0,FALSE
07/04/2025 22:22,16.47,99.36,0.85,0,0,1,-110.25,1.2,0,FALSE
07/04/2025 22:22,19.91,99.36,0.85,0,0,1,-110.25,1.2,0,FALSE
07/04/2025 22:22,19.91,99.28,0.85,0,0,1,-110.25,1.2,0,FALSE
07/04/2025 22:22,19.91,99.28,0.85,0,0,1,-110.34,8.85,0,FALSE
07/04/2025 22:22,28.01,99.28,0.85,0,0,1,-110.34,8.85,0,FALSE
07/04/2025 22:22,28.01,99.24,0.85,0,0,1,-110.34,8.85,0,FALSE
07/04/2025 22:22,28.01,99.24,0.85,0,0,1,-110.34,8.85,0,FALSE
07/04/2025 22:22,28.01,99.24,0.4,0,0,1,-110.34,8.85,0,FALSE
07/04/2025 22:22,28.01,99.24,0.4,0,0,1,-110.43,17.04,0,FALSE
07/04/2025 22:22,30.49,99.24,0.4,0,0,1,-110.43,17.04,0,FALSE
07/04/2025 22:22,30.49,99.24,0.4,0,0,1,-110.43,17.04,0,FALSE
07/04/2025 22:22,30.49,99.21,0.4,0,0,1,-110.43,17.04,0,FALSE
07/04/2025 22:22,30.49,99.21,0.23,0,0,1,-110.43,17.04,0,FALSE
07/04/2025 22:22,30.49,99.21,0.23,0,0,1,-110.52,25.3,0,FALSE
07/04/2025 22:22,28.73,99.21,0.23,0,0,1,-110.52,25.3,0,FALSE
07/04/2025 22:22,28.73,99.21,0.23,0,0,1,-110.52,25.3,0,FALSE
07/04/2025 22:22,28.73,99.18,0.23,0,0,1,-110.52,25.3,0,FALSE
07/04/2025 22:22,28.73,99.18,0.33,0,0,1,-110.52,25.3,0,FALSE
07/04/2025 22:22,28.73,99.18,0.33,0,0,1,-110.62,33.5,0,FALSE
07/04/2025 22:22,29.72,99.18,0.33,0,0,1,-110.62,33.5,0,FALSE
07/04/2025 22:22,29.72,99.18,0.33,0,0,1,-110.62,33.5,0,FALSE
07/04/2025 22:22,29.72,99.16,0.33,0,0,1,-110.62,33.5,0,FALSE
07/04/2025 22:22,29.72,99.16,0.25,0,0,1,-110.62,33.5,0,FALSE
07/04/2025 22:22,29.72,99.16,0.25,0,0,1,-110.71,41.72,0,FALSE
07/04/2025 22:22,28.81,99.16,0.25,0,0,1,-110.71,41.72,0,FALSE
07/04/2025 22:22,28.81,99.1,0.25,0,0,1,-110.71,41.72,0,FALSE
07/04/2025 22:22,28.81,99.1,0.25,0,0,1,-110.71,41.72,0,FALSE
07/04/2025 22:22,28.81,99.1,0.55,0,0,1,-110.71,41.72,0,FALSE
07/04/2025 22:22,29.07,99.1,0.55,0,0,1,-110.71,41.72,0,FALSE
07/04/2025 22:22,29.07,99.1,0.55,0,0,1,-110.8,50.06,0,FALSE
07/04/2025 22:22,29.07,99.08,0.55,0,0,1,-110.8,50.06,0,FALSE
07/04/2025 22:22,29.07,99.08,0.55,0,0,1,-110.8,50.06,0,FALSE
07/04/2025 22:22,29.07,99.08,0.24,0,0,1,-110.8,50.06,0,FALSE
07/04/2025 22:22,29.07,99.08,0.24,0,0,1,-110.9,58.28,0,FALSE
07/04/2025 22:22,29.36,99.08,0.24,0,0,1,-110.9,58.28,0,FALSE
07/04/2025 22:22,29.36,99.08,0.24,0,0,1,-110.9,58.28,0,FALSE
07/04/2025 22:22,29.36,99.05,0.24,0,0,1,-110.9,58.28,0,FALSE
07/04/2025 22:22,29.36,99.05,0.32,0,0,1,-110.9,58.28,0,FALSE
07/04/2025 22:22,29.36,99.05,0.32,0,0,1,-110.99,66.42,0,FALSE
07/04/2025 22:22,29,99.05,0.32,0,0,1,-110.99,66.42,0,FALSE
07/04/2025 22:22,29,99.05,0.32,0,0,1,-110.99,66.42,0,FALSE
07/04/2025 22:22,29,99.01,0.32,0,0,1,-110.99,66.42,0,FALSE
07/04/2025 22:22,29,99.01,0.4,0,0,1,-110.99,66.42,0,FALSE
07/04/2025 22:22,29,99.01,0.4,0,0,1,-111.03,74.68,0,FALSE
07/04/2025 22:22,29.15,99.01,0.4,0,0,1,-111.03,74.68,0,FALSE
07/04/2025 22:22,29.15,99.01,0.4,0,0,1,-111.03,74.68,0,FALSE
07/04/2025 22:22,29.15,98.97,0.4,0,0,1,-111.03,74.68,0,FALSE
07/04/2025 22:22,29.15,98.97,0.38,0,0,1,-111.03,74.68,0,FALSE
07/04/2025 22:22,29.15,98.97,0.38,0,0,1,-110.65,82.85,0,FALSE
07/04/2025 22:22,28.83,98.97,0.38,0,0,1,-110.65,82.85,0,FALSE
07/04/2025 22:22,28.83,98.97,0.38,0,0,1,-110.65,82.85,0,FALSE
07/04/2025 22:22,28.83,98.93,0.38,0,0,1,-110.65,82.85,0,FALSE
07/04/2025 22:22,28.83,98.93,0.4,0,0,1,-110.65,82.85,0,FALSE
07/04/2025 22:22,28.83,98.93,0.4,0,-0.07,1,-110.65,82.85,0,FALSE
07/04/2025 22:22,28.83,98.93,0.4,0,-0.07,1,-109.45,90.95,0,FALSE
07/04/2025 22:22,29.26,98.93,0.4,0,-0.07,1,-109.45,90.95,0,FALSE
07/04/2025 22:23,29.26,98.93,0.4,0,-0.07,1,-109.45,90.95,0,FALSE
07/04/2025 22:23,29.26,98.9,0.4,0,-0.07,1,-109.45,90.95,0,FALSE
07/04/2025 22:23,29.26,98.9,0.26,0,-0.07,1,-109.45,90.95,0,FALSE
07/04/2025 22:23,29.26,98.9,0.26,0,-0.01,1,-109.45,90.95,0,FALSE
07/04/2025 22:23,29.26,98.9,0.26,0,-0.01,1,-107.41,98.77,0,FALSE
07/04/2025 22:23,29,98.9,0.26,0,-0.01,1,-107.41,98.77,0,FALSE
07/04/2025 22:23,29,98.9,0.26,0,-0.01,1,-107.41,98.77,0,FALSE
07/04/2025 22:23,29,98.86,0.26,0,-0.01,1,-107.41,98.77,0,FALSE
07/04/2025 22:23,29,98.86,0.4,0,-0.01,1,-107.41,98.77,0,FALSE
07/04/2025 22:23,29,98.86,0.4,0,-0.04,1,-107.41,98.77,0,FALSE
07/04/2025 22:23,29,98.86,0.4,0,-0.04,1,-104.47,106.52,0,FALSE
07/04/2025 22:23,28.95,98.86,0.4,0,-0.04,1,-104.47,106.52,0,FALSE
07/04/2025 22:23,28.95,98.86,0.4,0,-0.04,1,-104.47,106.52,0,FALSE
07/04/2025 22:23,28.95,98.82,0.4,0,-0.04,1,-104.47,106.52,0,FALSE
07/04/2025 22:23,28.95,98.82,0.37,0,-0.04,1,-104.47,106.52,0,FALSE
07/04/2025 22:23,28.95,98.82,0.37,0,-0.08,1,-104.47,106.52,0,FALSE
07/04/2025 22:23,29.25,98.82,0.37,0,-0.08,1,-104.47,106.52,0,FALSE
07/04/2025 22:23,29.25,98.82,0.37,0,-0.08,1,-100.63,113.86,0,FALSE
07/04/2025 22:23,29.25,98.8,0.37,0,-0.08,1,-100.63,113.86,0,FALSE
07/04/2025 22:23,29.25,98.8,0.37,0,-0.08,1,-100.63,113.86,0,FALSE
07/04/2025 22:23,29.25,98.8,0.28,0,-0.08,1,-100.63,113.86,0,FALSE
07/04/2025 22:23,29.25,98.8,0.28,0,-0.01,1,-100.63,113.86,0,FALSE
07/04/2025 22:23,29.25,98.8,0.28,0,-0.01,1,-95.96,120.54,0,FALSE
07/04/2025 22:23,29.16,98.8,0.28,0,-0.01,1,-95.96,120.54,0,FALSE
07/04/2025 22:23,29.16,98.8,0.28,0,-0.01,1,-95.96,120.54,0,FALSE
07/04/2025 22:23,29.16,98.76,0.28,0,-0.01,1,-95.96,120.54,0,FALSE
07/04/2025 22:23,29.16,98.76,0.4,0,-0.01,1,-95.96,120.54,0,FALSE
07/04/2025 22:23,29.16,98.76,0.4,0,-0.05,1,-95.96,120.54,0,FALSE
07/04/2025 22:23,29.16,98.76,0.4,0,-0.05,1,-90.22,126.42,0,FALSE
07/04/2025 22:23,29.08,98.76,0.4,0,-0.05,1,-90.22,126.42,0,FALSE
07/04/2025 22:23,29.08,98.76,0.4,0,-0.05,1,-90.22,126.42,0,FALSE
07/04/2025 22:23,29.08,98.72,0.4,0,-0.05,1,-90.22,126.42,0,FALSE
07/04/2025 22:23,29.08,98.72,0.37,0,-0.05,1,-90.22,126.42,0,FALSE
07/04/2025 22:23,29.08,98.72,0.37,0,-0.04,1,-90.22,126.42,0,FALSE
07/04/2025 22:23,29.08,98.72,0.37,0,-0.04,1,-83.61,130.99,0,FALSE
07/04/2025 22:23,28.58,98.72,0.37,0,-0.04,1,-83.61,130.99,0,FALSE
07/04/2025 22:23,28.58,98.72,0.37,0,-0.04,1,-83.61,130.99,0,FALSE
07/04/2025 22:23,28.58,98.71,0.37,0,-0.04,1,-83.61,130.99,0,FALSE
07/04/2025 22:23,28.58,98.71,0.1,0,-0.04,1,-83.61,130.99,0,FALSE
07/04/2025 22:23,28.58,98.71,0.1,0,-0.03,1,-83.61,130.99,0,FALSE
07/04/2025 22:23,28.58,98.71,0.1,0,-0.03,1,-76.83,134.05,0,FALSE
07/04/2025 22:23,24.15,98.71,0.1,0,-0.03,1,-76.83,134.05,0,FALSE
07/04/2025 22:23,24.15,98.71,0.1,0,-0.03,1,-76.83,134.05,0,FALSE
07/04/2025 22:23,24.15,98.65,0.1,0,-0.03,1,-76.83,134.05,0,FALSE
07/04/2025 22:23,24.15,98.65,0.64,0,-0.03,1,-76.83,134.05,0,FALSE
07/04/2025 22:23,24.15,98.65,0.64,0,-0.03,1,-70.6,135.81,0,FALSE
07/04/2025 22:23,21.27,98.65,0.64,0,-0.03,1,-70.6,135.81,0,FALSE
07/04/2025 22:23,21.27,98.65,0.64,0,-0.03,1,-70.6,135.81,0,FALSE
07/04/2025 22:23,21.27,98.62,0.64,0,-0.03,1,-70.6,135.81,0,FALSE
07/04/2025 22:23,21.27,98.62,0.22,0,-0.03,1,-70.6,135.81,0,FALSE
07/04/2025 22:23,21.27,98.62,0.22,0,-0.13,1,-70.6,135.81,0,FALSE
07/04/2025 22:23,21.27,98.62,0.22,0,-0.13,1,-65,136.46,0,FALSE
07/04/2025 22:23,19.04,98.62,0.22,0,-0.13,1,-65,136.46,0,FALSE
07/04/2025 22:23,19.04,98.62,0.22,0,-0.13,1,-65,136.46,0,FALSE
07/04/2025 22:23,19.04,98.62,0,0,-0.13,1,-65,136.46,0,FALSE
07/04/2025 22:23,19.04,98.62,0,0.06,-0.13,1,-65,136.46,0,FALSE
07/04/2025 22:23,19.04,98.62,0,0.06,-0.03,1,-65,136.46,0,FALSE
07/04/2025 22:23,19.04,98.62,0,0.06,-0.03,1,-60.12,136.69,0,FALSE
07/04/2025 22:23,16.57,98.62,0,0.06,-0.03,1,-60.12,136.69,0,FALSE
07/04/2025 22:23,16.57,98.62,0,0.06,-0.03,1,-60.12,136.69,0,FALSE
07/04/2025 22:23,16.57,98.62,0,0.13,-0.03,1,-60.12,136.69,0,FALSE
07/04/2025 22:23,16.57,98.62,0,0.13,-0.01,1,-60.12,136.69,0,FALSE
07/04/2025 22:23,16.57,98.62,0,0.13,-0.01,1,-55.22,136.8,0,FALSE
07/04/2025 22:23,23.67,98.62,0,0.13,-0.01,1,-55.22,136.8,0,FALSE
07/04/2025 22:23,23.67,98.54,0,0.13,-0.01,1,-55.22,136.8,0,FALSE
07/04/2025 22:23,23.67,98.54,0,0.13,-0.01,1,-55.22,136.8,0,FALSE
07/04/2025 22:23,23.67,98.54,0.85,0.13,-0.01,1,-55.22,136.8,0,FALSE
07/04/2025 22:23,23.67,98.54,0.85,0,-0.01,1,-55.22,136.8,0,FALSE
07/04/2025 22:23,23.67,98.54,0.85,0,0,1,-55.22,136.8,0,FALSE
07/04/2025 22:23,23.67,98.54,0.85,0,0,1,-47.23,136.91,0,FALSE
07/04/2025 22:23,29.56,98.54,0.85,0,0,1,-47.23,136.91,0,FALSE
07/04/2025 22:23,29.56,98.54,0.85,0,0,1,-47.23,136.91,0,FALSE
07/04/2025 22:23,29.56,98.49,0.85,0,0,1,-47.23,136.91,0,FALSE
07/04/2025 22:23,29.56,98.49,0.47,0,0,1,-47.23,136.91,0,FALSE
07/04/2025 22:23,29.56,98.49,0.47,0,0,1,-39.1,136.97,0,FALSE
07/04/2025 22:23,28.7,98.49,0.47,0,0,1,-39.1,136.97,0,FALSE
07/04/2025 22:23,28.7,98.44,0.47,0,0,1,-39.1,136.97,0,FALSE
07/04/2025 22:23,28.7,98.44,0.47,0,0,1,-39.1,136.97,0,FALSE
07/04/2025 22:23,28.7,98.44,0.47,0,0,1,-31.04,137.02,0,FALSE
07/04/2025 22:23,29.19,98.44,0.47,0,0,1,-31.04,137.02,0,FALSE
07/04/2025 22:23,29.19,98.42,0.47,0,0,1,-31.04,137.02,0,FALSE
07/04/2025 22:23,29.19,98.42,0.47,0,0,1,-31.04,137.02,0,FALSE
07/04/2025 22:23,29.19,98.42,0.3,0,0,1,-31.04,137.02,0,FALSE
07/04/2025 22:23,29.19,98.42,0.3,0,0,1,-22.8,137.07,0,FALSE
07/04/2025 22:23,29.15,98.42,0.3,0,0,1,-22.8,137.07,0,FALSE
07/04/2025 22:23,29.15,98.42,0.3,0,0,1,-22.8,137.07,0,FALSE
07/04/2025 22:23,29.15,98.38,0.3,0,0,1,-22.8,137.07,0,FALSE
07/04/2025 22:23,29.15,98.38,0.36,0,0,1,-22.8,137.07,0,FALSE
07/04/2025 22:23,29.15,98.38,0.36,0,0,1,-14.55,137.12,0,FALSE
07/04/2025 22:23,29.02,98.38,0.36,0,0,1,-14.55,137.12,0,FALSE
07/04/2025 22:23,29.02,98.38,0.36,0,0,1,-14.55,137.12,0,FALSE
07/04/2025 22:23,29.02,98.34,0.36,0,0,1,-14.55,137.12,0,FALSE
07/04/2025 22:23,29.02,98.34,0.38,0,0,1,-14.55,137.12,0,FALSE
07/04/2025 22:23,29.02,98.34,0.38,0,0,1,-6.43,137.17,0,FALSE
07/04/2025 22:23,29.12,98.34,0.38,0,0,1,-6.43,137.17,0,FALSE
07/04/2025 22:23,29.12,98.34,0.38,0,0,1,-6.43,137.17,0,FALSE
07/04/2025 22:23,29.12,98.31,0.38,0,0,1,-6.43,137.17,0,FALSE
07/04/2025 22:23,29.12,98.31,0.35,0,0,1,-6.43,137.17,0,FALSE
07/04/2025 22:23,29.12,98.31,0.35,0,0,1,9.92,137.35,0,FALSE
07/04/2025 22:23,29.12,98.31,0.35,0,0,1,9.92,137.35,0,FALSE
07/04/2025 22:23,29.12,98.27,0.35,0,0,1,9.92,137.35,0,FALSE
07/04/2025 22:23,29.12,98.27,0.35,0,0,1,26.3,137.5,0,FALSE
07/04/2025 22:23,29.1,98.27,0.35,0,0,1,26.3,137.5,0,FALSE
07/04/2025 22:23,29.1,98.27,0.35,0,0,1,26.3,137.5,0,FALSE
07/04/2025 22:23,29.1,98.24,0.35,0,0,1,26.3,137.5,0,FALSE
07/04/2025 22:23,29.1,98.24,0.36,0,0,1,26.3,137.5,0,FALSE
07/04/2025 22:23,29.1,98.24,0.36,0,0,1,42.52,137.59,0,FALSE
07/04/2025 22:23,29.1,98.24,0.36,0,0,1,42.52,137.59,0,FALSE
07/04/2025 22:23,29.1,98.2,0.36,0,0,1,42.52,137.59,0,FALSE
07/04/2025 22:23,29.1,98.2,0.36,0,0,1,58.9,137.68,0,FALSE
07/04/2025 22:23,29.04,98.2,0.36,0,0,1,58.9,137.68,0,FALSE
07/04/2025 22:23,29.04,98.2,0.36,0,0,1,58.9,137.68,0,FALSE
07/04/2025 22:23,29.04,98.16,0.36,0,0,1,58.9,137.68,0,FALSE
07/04/2025 22:23,29.04,98.16,0.39,0,0,1,58.9,137.68,0,FALSE
07/04/2025 22:23,29.04,98.16,0.39,0,0,1,74.94,136.06,0,FALSE
07/04/2025 22:23,29.04,98.16,0.39,0,0,1,74.94,136.06,0,FALSE
07/04/2025 22:23,29.06,98.16,0.39,0,0,1,74.94,136.06,0,FALSE
07/04/2025 22:23,29.06,98.12,0.39,0,0,1,74.94,136.06,0,FALSE
07/04/2025 22:23,29.06,98.12,0.41,0,0,1,74.94,136.06,0,FALSE
07/04/2025 22:23,29.06,98.12,0.41,0,-0.04,1,74.94,136.06,0,FALSE
07/04/2025 22:23,29.06,98.12,0.41,0,-0.04,1,89.18,128.56,0,FALSE
07/04/2025 22:23,29.1,98.12,0.41,0,-0.04,1,89.18,128.56,0,FALSE
07/04/2025 22:23,29.1,98.12,0.41,0,-0.04,1,89.18,128.56,0,FALSE
07/04/2025 22:23,29.1,98.09,0.41,0,-0.04,1,89.18,128.56,0,FALSE
07/04/2025 22:23,29.1,98.09,0.34,0,-0.04,1,89.18,128.56,0,FALSE
07/04/2025 22:23,29.1,98.09,0.34,0,-0.1,1,89.18,128.56,0,FALSE
07/04/2025 22:23,29.1,98.09,0.34,0,-0.1,1,99.31,115.96,0,FALSE
07/04/2025 22:23,29.14,98.09,0.34,0,-0.1,1,99.31,115.96,0,FALSE
07/04/2025 22:23,29.14,98.09,0.34,0,-0.1,1,99.31,115.96,0,FALSE
07/04/2025 22:23,29.14,98.05,0.34,0,-0.1,1,99.31,115.96,0,FALSE
07/04/2025 22:23,29.14,98.05,0.34,0,-0.07,1,99.31,115.96,0,FALSE
07/04/2025 22:23,29.14,98.05,0.34,0,-0.07,1,104.75,100.5,0,FALSE
07/04/2025 22:23,29.14,98.05,0.34,0,-0.07,1,104.75,100.5,0,FALSE
07/04/2025 22:23,29.04,98.05,0.34,0,-0.07,1,104.75,100.5,0,FALSE
07/04/2025 22:23,29.04,98.02,0.34,0,-0.07,1,104.75,100.5,0,FALSE
07/04/2025 22:23,29.04,98.02,0.36,0,-0.07,1,104.75,100.5,0,FALSE
07/04/2025 22:23,29.04,98.02,0.36,0,-0.04,1,104.75,100.5,0,FALSE
07/04/2025 22:23,29.04,98.02,0.36,0,-0.04,1,105.74,84.27,0,FALSE
07/04/2025 22:23,29.16,98.02,0.36,0,-0.04,1,105.74,84.27,0,FALSE
07/04/2025 22:23,29.16,98.02,0.36,0,-0.04,1,105.74,84.27,0,FALSE
07/04/2025 22:23,29.16,97.98,0.36,0,-0.04,1,105.74,84.27,0,FALSE
07/04/2025 22:23,29.16,97.98,0.34,0,-0.04,1,105.74,84.27,0,FALSE
07/04/2025 22:23,29.16,97.98,0.34,0,0,1,105.74,84.27,0,FALSE
07/04/2025 22:23,29.16,97.98,0.34,0,0,1,105.9,67.96,0,FALSE
07/04/2025 22:23,28.72,97.98,0.34,0,0,1,105.9,67.96,0,FALSE
07/04/2025 22:23,28.72,97.98,0.34,0,0,1,105.9,67.96,0,FALSE
07/04/2025 22:23,28.72,97.97,0.34,0,0,1,105.9,67.96,0,FALSE
07/04/2025 22:23,28.72,97.97,0.12,0,0,1,105.9,67.96,0,FALSE
07/04/2025 22:23,28.72,97.97,0.12,0,0,1,106,54.23,0,FALSE
07/04/2025 22:23,21.35,97.97,0.12,0,0,1,106,54.23,0,FALSE
07/04/2025 22:23,21.35,97.97,0.12,0,0,1,106,54.23,0,FALSE
07/04/2025 22:23,21.35,97.96,0.12,0,0,1,106,54.23,0,FALSE
07/04/2025 22:23,21.35,97.96,0.14,0,0,1,106,54.23,0,FALSE
07/04/2025 22:23,21.35,97.96,0.14,0,0,1,106.07,43.69,0,FALSE
07/04/2025 22:23,16.05,97.96,0.14,0,0,1,106.07,43.69,0,FALSE
07/04/2025 22:23,16.05,97.96,0.14,0,0,1,106.07,43.69,0,FALSE
07/04/2025 22:23,16.05,97.94,0.14,0,0,1,106.07,43.69,0,FALSE
07/04/2025 22:23,16.05,97.94,0.14,0,0,1,106.06,30.88,0,FALSE
07/04/2025 22:23,29.26,97.94,0.14,0,0,1,106.06,30.88,0,FALSE
07/04/2025 22:23,29.26,97.94,0.14,0,0,1,106.06,30.88,0,FALSE
07/04/2025 22:23,29.26,97.88,0.14,0,0,1,106.06,30.88,0,FALSE
07/04/2025 22:23,29.26,97.88,0.62,0,0,1,106.06,30.88,0,FALSE
07/04/2025 22:23,29.26,97.88,0.62,0,-0.04,1,106.06,30.88,0,FALSE
07/04/2025 22:23,29.26,97.88,0.62,0,-0.04,1,99.55,16.63,0,FALSE
07/04/2025 22:23,29.88,97.88,0.62,0,-0.04,1,99.55,16.63,0,FALSE
07/04/2025 22:23,29.88,97.87,0.62,0,-0.04,1,99.55,16.63,0,FALSE
07/04/2025 22:23,29.88,97.87,0.62,0,-0.04,1,99.55,16.63,0,FALSE
07/04/2025 22:23,29.88,97.87,0.13,0,-0.04,1,99.55,16.63,0,FALSE
07/04/2025 22:23,29.88,97.87,0.13,0,-0.19,1,99.55,16.63,0,FALSE
07/04/2025 22:23,29.88,97.87,0.13,0,-0.19,1,83.79,13.51,0,FALSE
07/04/2025 22:23,29,97.87,0.13,0,-0.19,1,83.79,13.51,0,FALSE
07/04/2025 22:23,29,97.87,0.13,0,-0.19,1,83.79,13.51,0,FALSE
07/04/2025 22:23,29,97.85,0.13,0,-0.19,1,83.79,13.51,0,FALSE
07/04/2025 22:23,29,97.85,0.2,0,-0.19,1,83.79,13.51,0,FALSE
07/04/2025 22:23,29,97.85,0.2,0,0,1,83.79,13.51,0,FALSE
07/04/2025 22:23,29,97.85,0.2,0,0,1,67.45,13.38,0,FALSE
07/04/2025 22:23,28.39,97.85,0.2,0,0,1,67.45,13.38,0,FALSE
07/04/2025 22:23,28.39,97.85,0.2,0,0,1,67.45,13.38,0,FALSE
07/04/2025 22:23,28.39,97.8,0.2,0,0,1,67.45,13.38,0,FALSE
07/04/2025 22:23,28.39,97.8,0.45,0,0,1,67.45,13.38,0,FALSE
07/04/2025 22:23,28.39,97.8,0.45,0,0,1,51.07,13.33,0,FALSE
07/04/2025 22:23,28.26,97.8,0.45,0,0,1,51.07,13.33,0,FALSE
07/04/2025 22:23,28.26,97.8,0.45,0,0,1,51.07,13.33,0,FALSE
07/04/2025 22:23,28.26,97.74,0.45,0,0,1,51.07,13.33,0,FALSE
07/04/2025 22:23,28.26,97.74,0.59,0,0,1,51.07,13.33,0,FALSE
07/04/2025 22:23,28.26,97.74,0.59,0,0,1,34.8,13.28,0,FALSE
07/04/2025 22:23,28.36,97.74,0.59,0,0,1,34.8,13.28,0,FALSE
07/04/2025 22:23,28.36,97.68,0.59,0,0,1,34.8,13.28,0,FALSE
07/04/2025 22:23,28.36,97.68,0.59,0,0,1,34.8,13.28,0,FALSE
07/04/2025 22:23,28.36,97.68,0.67,0,0,1,34.8,13.28,0,FALSE
07/04/2025 22:23,28.36,97.68,0.67,0,0,1,18.36,13.23,0,FALSE
07/04/2025 22:23,29.35,97.68,0.67,0,0,1,18.36,13.23,0,FALSE
07/04/2025 22:23,29.35,97.68,0.67,0,0,1,18.36,13.23,0,FALSE
07/04/2025 22:23,29.35,97.64,0.67,0,0,1,18.36,13.23,0,FALSE
07/04/2025 22:23,29.35,97.64,0.38,0,0,1,18.36,13.23,0,FALSE
07/04/2025 22:23,29.35,97.64,0.38,0,0,1,2.02,13.19,0,FALSE
07/04/2025 22:23,29.1,97.64,0.38,0,0,1,2.02,13.19,0,FALSE
07/04/2025 22:23,29.1,97.64,0.38,0,0,1,2.02,13.19,0,FALSE
07/04/2025 22:23,29.1,97.59,0.38,0,0,1,2.02,13.19,0,FALSE
07/04/2025 22:23,29.1,97.59,0.48,0,0,1,2.02,13.19,0,FALSE
07/04/2025 22:23,29.1,97.59,0.48,0,0,1,-12.73,13.15,0,FALSE
07/04/2025 22:23,22.9,97.59,0.48,0,0,1,-12.73,13.15,0,FALSE
07/04/2025 22:23,22.9,97.57,0.48,0,0,1,-12.73,13.15,0,FALSE
07/04/2025 22:23,22.9,97.57,0.48,0,0,1,-12.73,13.15,0,FALSE
07/04/2025 22:23,22.9,97.57,0.23,0,0,1,-12.73,13.15,0,FALSE
07/04/2025 22:23,22.9,97.57,0.23,0,0,1,-23.43,13.12,0,FALSE
07/04/2025 22:23,10.34,97.57,0.23,0,0,1,-23.43,13.12,0,FALSE
07/04/2025 22:24,10.34,97.57,0.23,0,0,1,-23.43,13.12,0,FALSE
07/04/2025 22:24,10.34,97.57,0,0,0,1,-23.43,13.12,0,FALSE
07/04/2025 22:24,10.34,97.57,0,1,0,1,-23.43,13.12,0,FALSE
07/04/2025 22:24,10.34,97.57,0,1,0,1,-24.14,13.11,0,FALSE
07/04/2025 22:24,0,97.57,0,1,0,1,-24.14,13.11,0,FALSE
07/04/2025 22:24,0,97.57,0,1,0,1,-24.14,13.11,0,FALSE
07/04/2025 22:24,0,97.57,0,1,0.04,1,-24.14,13.11,0,FALSE
07/04/2025 22:24,0,97.57,0,1,0.04,1,-24.14,13.11,0,FALSE
07/04/2025 22:24,0,97.57,0,1,0.04,1,-24.14,13.11,0,FALSE
07/04/2025 22:24,0,97.57,0,1,0.04,1,-24.14,13.11,0,FALSE
07/04/2025 22:24,0,97.57,0,1,0.04,1,-24.14,13.11,0,FALSE
07/04/2025 22:24,0,97.57,0,1,0.04,1,-24.14,13.11,0,FALSE
07/04/2025 22:24,0,97.57,0,1,0.04,1,-24.14,13.11,0,FALSE
07/04/2025 22:24,0,97.57,0,1,0.04,1,-24.14,13.11,0,FALSE
07/04/2025 22:24,0,97.57,0,1,0.04,1,-24.14,13.11,0,FALSE
07/04/2025 22:24,0,97.57,0,1,0.04,1,-24.14,13.11,0,FALSE
07/04/2025 22:24,0,97.57,0,1,0.04,1,-24.14,13.11,0,FALSE
07/04/2025 22:24,0,97.57,0,1,0.04,1,-24.14,13.11,0,FALSE
07/04/2025 22:24,0,97.57,0,1,0.04,1,-24.14,13.11,0,FALSE
07/04/2025 22:24,0,97.57,0,1,0.04,1,-24.14,13.11,0,FALSE
07/04/2025 22:24,0,97.57,0,1,0.04,1,-24.14,13.11,0,FALSE
07/04/2025 22:24,0,97.57,0,1,0.04,1,-24.14,13.11,0,FALSE
07/04/2025 22:24,0,97.57,0,1,0.04,1,-24.14,13.11,0,FALSE
07/04/2025 22:24,0,97.57,0,1,0.04,1,-24.14,13.11,0,FALSE
07/04/2025 22:24,0,97.57,0,1,0.04,1,-24.14,13.11,0,FALSE
07/04/2025 22:24,0,97.57,0,1,0.04,1,-24.14,13.11,0,FALSE
07/04/2025 22:24,0,97.57,0,1,0.04,1,-24.14,13.11,0,FALSE
07/04/2025 22:24,0,97.57,0,1,0.04,1,-24.14,13.11,0,FALSE
07/04/2025 22:24,0,97.57,0,1,0.04,1,-24.14,13.11,0,FALSE
07/04/2025 22:24,0,97.57,0,1,0.04,1,-24.14,13.11,0,FALSE
07/04/2025 22:24,0,97.57,0,1,0.04,1,-24.14,13.11,0,FALSE
07/04/2025 22:24,0,97.57,0,1,0.04,1,-24.14,13.11,0,FALSE
07/04/2025 22:24,0,97.57,0,1,0.04,1,-24.14,13.11,0,FALSE
07/04/2025 22:24,0,97.57,0,1,0.04,1,-24.14,13.11,0,FALSE
07/04/2025 22:24,0,97.57,0,1,0.04,1,-24.14,13.11,0,FALSE
07/04/2025 22:24,0,97.57,0,1,0.04,1,-24.14,13.11,0,FALSE
07/04/2025 22:24,0,97.57,0,1,0.04,1,-24.14,13.11,0,TRUE
07/04/2025 22:24,0,97.57,0,1,0.04,1,-24.14,13.11,0,TRUE
07/04/2025 22:24,0,97.57,0,1,0.04,1,-24.14,13.11,0,TRUE
07/04/2025 22:24,29.11,97.57,0,1,0.04,1,-24.14,13.11,0,TRUE
07/04/2025 22:24,29.11,99.61,0,1,0.04,1,-24.14,13.11,0,TRUE
07/04/2025 22:24,29.11,99.61,0.33,1,0.04,1,-24.14,13.11,0,TRUE
07/04/2025 22:24,29.11,99.61,0.33,0,0.04,1,-24.14,13.11,0,TRUE
07/04/2025 22:24,29.11,99.61,0.33,0,-0.08,1,-24.14,13.11,0,TRUE
07/04/2025 22:24,29.11,99.61,0.33,0,-0.08,1,-24.14,13.11,0,TRUE
07/04/2025 22:24,29.11,99.61,0.33,0,-0.08,1,-24.14,13.11,0,TRUE
07/04/2025 22:24,27.03,99.61,0.33,0,-0.08,1,-24.14,13.11,0,TRUE
07/04/2025 22:24,27.03,99.57,0.33,0,-0.08,1,-24.14,13.11,0,TRUE
07/04/2025 22:24,0,99.57,0.33,0,-0.08,1,-24.14,13.11,0,TRUE
07/04/2025 22:24,0,97.57,0.33,0,-0.08,1,-24.14,13.11,0,TRUE
07/04/2025 22:24,0,97.57,0,0,-0.08,1,-24.14,13.11,0,TRUE
07/04/2025 22:24,0,97.57,0,1,-0.08,1,-24.14,13.11,0,TRUE
07/04/2025 22:24,0,97.57,0,1,-0.08,1,-24.14,13.11,0,TRUE
07/04/2025 22:24,0,97.57,0,1,0.04,1,-24.14,13.11,0,TRUE
07/04/2025 22:24,0,97.57,0,1,0.04,1,-24.14,13.11,0,TRUE
07/04/2025 22:24,0,97.57,0.34,1,0.04,1,-24.14,13.11,0,TRUE
07/04/2025 22:24,0,97.57,0.34,0,0.04,1,-24.14,13.11,0,TRUE
07/04/2025 22:24,0,97.57,0.34,0,-0.07,1,-24.14,13.11,0,TRUE
07/04/2025 22:24,23.71,97.57,0.34,0,-0.07,1,-24.14,13.11,0,TRUE
07/04/2025 22:24,23.71,99.55,0.34,0,-0.07,1,-24.14,13.11,0,TRUE
07/04/2025 22:24,23.71,99.55,0.34,0,-0.07,1,-24.14,13.11,0,TRUE
07/04/2025 22:24,23.71,99.55,0.19,0,-0.07,1,-24.14,13.11,0,TRUE
07/04/2025 22:24,23.71,99.55,0.19,0,-0.07,1,-24.14,13.11,0,TRUE
07/04/2025 22:24,0,99.55,0.19,0,-0.07,1,-24.14,13.11,0,TRUE
07/04/2025 22:24,0,97.57,0.19,0,-0.07,1,-24.14,13.11,0,TRUE
07/04/2025 22:24,0,97.57,0,0,-0.07,1,-24.14,13.11,0,TRUE
07/04/2025 22:24,0,97.57,0,1,-0.07,1,-24.14,13.11,0,TRUE
07/04/2025 22:24,0,97.57,0,1,-0.07,1,-24.14,13.11,0,TRUE
07/04/2025 22:24,0,97.57,0,1,0.04,1,-24.14,13.11,0,TRUE
07/04/2025 22:24,0,97.57,0,1,0.04,1,-24.14,13.11,0,TRUE
07/04/2025 22:24,0,97.57,0,1,-0.01,1,-24.14,13.11,0,TRUE
07/04/2025 22:24,20.75,97.57,0,1,-0.01,1,-24.14,13.11,0,TRUE
07/04/2025 22:24,20.75,99.53,0,1,-0.01,1,-24.14,13.11,0,TRUE
07/04/2025 22:24,20.75,99.53,0.21,1,-0.01,1,-24.14,13.11,0,TRUE
07/04/2025 22:24,20.75,99.53,0.21,0,-0.01,1,-24.14,13.11,0,TRUE
07/04/2025 22:24,20.75,99.53,0.21,0,0,1,-24.14,13.11,0,TRUE
07/04/2025 22:24,20.75,99.53,0.21,0,0,1,-24.14,13.11,0,TRUE
07/04/2025 22:24,20.75,99.53,0.21,0,0,1,-24.14,13.11,0,TRUE
07/04/2025 22:24,0,99.53,0.21,0,0,1,-24.14,13.11,0,TRUE
07/04/2025 22:24,0,97.57,0.21,0,0,1,-24.14,13.11,0,TRUE
07/04/2025 22:24,0,97.57,0,0,0,1,-24.14,13.11,0,TRUE
07/04/2025 22:24,0,97.57,0,1,0,1,-24.14,13.11,0,TRUE
07/04/2025 22:24,0,97.57,0,1,0.04,1,-24.14,13.11,0,TRUE
07/04/2025 22:24,0,99.53,0,1,0.04,1,-24.14,13.11,0,TRUE
07/04/2025 22:24,0,99.53,0,1,0.04,1,-24.14,13.11,0,TRUE
07/04/2025 22:24,0,99.53,0,1,0.04,1,-24.14,13.11,0,TRUE
07/04/2025 22:24,0,99.53,0,1,0,1,-24.14,13.11,0,TRUE
07/04/2025 22:24,0,97.57,0,1,0,1,-24.14,13.11,0,TRUE
07/04/2025 22:24,0,97.57,0,1,0,1,-24.14,13.11,0,TRUE
07/04/2025 22:24,0,97.57,0,1,0.04,1,-24.14,13.11,0,TRUE
07/04/2025 22:24,0,97.57,0,1,0.04,1,-24.14,13.11,0,TRUE
07/04/2025 22:24,0,99.53,0,1,0.04,1,-24.14,13.11,0,TRUE
07/04/2025 22:24,0,99.53,0,1,0,1,-24.14,13.11,0,TRUE
07/04/2025 22:24,0,99.53,0,1,0,1,-24.14,13.11,0,TRUE
07/04/2025 22:24,0,99.53,0,1,0,1,-24.14,13.11,0,TRUE
07/04/2025 22:24,0,97.57,0,1,0,1,-24.14,13.11,0,TRUE
07/04/2025 22:24,0,97.57,0,1,0.04,1,-24.14,13.11,0,TRUE
07/04/2025 22:24,0,97.57,0,1,0,1,-24.14,13.11,0,TRUE
07/04/2025 22:24,0,97.57,0,1,0,1,-24.24,13.11,0,TRUE
07/04/2025 22:24,0,97.57,0,1,0,1,-24.24,13.11,0,TRUE
07/04/2025 22:24,0,99.53,0,1,0,1,-24.24,13.11,0,TRUE
07/04/2025 22:24,0,97.57,0,1,0,1,-24.24,13.11,0,TRUE
07/04/2025 22:24,0,97.57,0,1,0,1,-27.43,13,0,TRUE
07/04/2025 22:24,0,97.57,0,1,0,1,-27.43,13,0,TRUE
07/04/2025 22:24,0,97.57,0,1,0.04,1,-27.43,13,0,TRUE
07/04/2025 22:24,0,99.53,0,1,0.04,1,-27.43,13,0,TRUE
07/04/2025 22:24,0,99.53,0,1,0,1,-27.43,13,0,TRUE
07/04/2025 22:24,0,99.53,0,1,0,1,-30.68,12.81,0,TRUE
07/04/2025 22:24,0,97.57,0,1,0,1,-30.68,12.81,0,TRUE
07/04/2025 22:24,0,97.57,0,1,0,1,-30.68,12.81,0,TRUE
07/04/2025 22:24,0,97.57,0,1,0.04,1,-30.68,12.81,0,TRUE
07/04/2025 22:24,0,99.53,0,1,0.04,1,-30.68,12.81,0,TRUE
07/04/2025 22:24,0,99.53,0,1,0.04,1,-37.69,9.73,0,TRUE
07/04/2025 22:24,0,99.53,0,1,0,1,-37.69,9.73,0,TRUE
07/04/2025 22:24,0,99.53,0,1,0,1,-37.69,9.73,0,TRUE
07/04/2025 22:24,0,97.57,0,1,0,1,-37.69,9.73,0,TRUE
07/04/2025 22:24,0,97.57,0,1,0.04,1,-37.69,9.73,0,TRUE
07/04/2025 22:24,0,97.57,0,1,0.04,1,-41.45,2.7,0,TRUE
07/04/2025 22:24,0,97.57,0,1,0.04,1,-41.45,2.7,0,TRUE
07/04/2025 22:24,0,97.57,0,1,0,1,-41.45,2.7,0,TRUE
07/04/2025 22:24,0.77,97.57,0,1,0,1,-41.45,2.7,0,TRUE
07/04/2025 22:24,0.77,99.45,0,1,0,1,-41.45,2.7,0,TRUE
07/04/2025 22:24,0.77,99.45,0.85,1,0,1,-41.45,2.7,0,TRUE
07/04/2025 22:24,0.77,99.45,0.85,0,0,1,-41.45,2.7,0,TRUE
07/04/2025 22:24,0.77,99.45,0.85,0,0,1,-41.81,-5.57,0,TRUE
07/04/2025 22:24,3.43,99.45,0.85,0,0,1,-41.81,-5.57,0,TRUE
07/04/2025 22:24,3.43,99.45,0.85,0,0,1,-41.81,-5.57,0,TRUE
07/04/2025 22:24,3.43,97.48,0.85,0,0,1,-41.81,-5.57,0,TRUE
07/04/2025 22:24,3.43,97.48,0.85,0,0.04,1,-41.81,-5.57,0,TRUE
07/04/2025 22:24,3.43,97.48,0.85,0,0,1,-41.81,-5.57,0,TRUE
07/04/2025 22:24,19.97,97.48,0.85,0,0,1,-41.81,-5.57,0,TRUE
07/04/2025 22:24,19.97,99.45,0.85,0,0,1,-41.81,-5.57,0,TRUE
07/04/2025 22:24,19.97,99.45,0.85,0,0,1,-41.84,-13.68,0,TRUE
07/04/2025 22:24,19.97,99.45,0,0,0,1,-41.84,-13.68,0,TRUE
07/04/2025 22:24,19.97,99.45,0,0.7,0,1,-41.84,-13.68,0,TRUE
07/04/2025 22:24,19.97,99.45,0,0.7,0,1,-41.84,-13.68,0,TRUE
07/04/2025 22:24,1.13,99.45,0,0.7,0,1,-41.84,-13.68,0,TRUE
07/04/2025 22:24,1.13,97.4,0,0.7,0,1,-41.84,-13.68,0,TRUE
07/04/2025 22:24,1.13,97.4,0.85,0.7,0,1,-41.84,-13.68,0,TRUE
07/04/2025 22:24,1.13,97.4,0.85,0,0,1,-41.84,-13.68,0,TRUE
07/04/2025 22:24,1.13,97.4,0.85,0,0.01,1,-41.84,-13.68,0,TRUE
07/04/2025 22:24,1.13,97.4,0.85,0,0.01,1,-41.8,-21.63,0,TRUE
07/04/2025 22:24,16.47,97.4,0.85,0,0.01,1,-41.8,-21.63,0,TRUE
07/04/2025 22:24,16.47,97.4,0.85,0,0.01,1,-41.8,-21.63,0,TRUE
07/04/2025 22:24,16.47,99.36,0.85,0,0.01,1,-41.8,-21.63,0,TRUE
07/04/2025 22:24,16.47,99.36,0.85,0,0,1,-41.8,-21.63,0,TRUE
07/04/2025 22:24,19.91,99.36,0.85,0,0,1,-41.8,-21.63,0,TRUE
07/04/2025 22:24,20.84,99.36,0.85,0,0,1,-41.8,-21.63,0,TRUE
07/04/2025 22:24,20.84,97.31,0.85,0,0,1,-41.8,-21.63,0,TRUE
07/04/2025 22:24,20.84,97.31,0.85,0,0,1,-41.75,-28.36,0,TRUE
07/04/2025 22:24,20.84,97.31,0.85,0,0.07,1,-41.75,-28.36,0,TRUE
07/04/2025 22:24,20.84,97.31,0.85,0,0.07,1,-41.75,-28.36,0,TRUE
07/04/2025 22:24,20.84,99.28,0.85,0,0.07,1,-41.75,-28.36,0,TRUE
07/04/2025 22:24,20.84,99.28,0.85,0,0,1,-41.75,-28.36,0,TRUE
07/04/2025 22:24,28.01,99.28,0.85,0,0,1,-41.75,-28.36,0,TRUE
07/04/2025 22:24,28.01,99.28,0.85,0,0,1,-41.71,-34.21,0,TRUE
07/04/2025 22:24,28.01,99.24,0.85,0,0,1,-41.71,-34.21,0,TRUE
07/04/2025 22:24,28.01,99.24,0.85,0,0,1,-41.71,-34.21,0,TRUE
07/04/2025 22:24,28.01,99.24,0.4,0,0,1,-41.71,-34.21,0,TRUE
07/04/2025 22:24,27.56,99.24,0.4,0,0,1,-41.71,-34.21,0,TRUE
07/04/2025 22:24,27.56,97.24,0.4,0,0,1,-41.71,-34.21,0,TRUE
07/04/2025 22:24,27.56,97.24,0.69,0,0,1,-41.71,-34.21,0,TRUE
07/04/2025 22:24,27.56,97.24,0.69,0,0.21,1,-41.71,-34.21,0,TRUE
07/04/2025 22:24,27.56,97.24,0.69,0,0.21,1,-41.67,-39.24,0,TRUE
07/04/2025 22:24,27.56,97.24,0.69,0,0.21,1,-41.67,-39.24,0,TRUE
07/04/2025 22:24,27.56,97.24,0.69,0,0,1,-41.67,-39.24,0,TRUE
07/04/2025 22:24,30.49,97.24,0.69,0,0,1,-41.67,-39.24,0,TRUE
07/04/2025 22:24,30.49,99.21,0.69,0,0,1,-41.67,-39.24,0,TRUE
07/04/2025 22:24,30.49,99.21,0.23,0,0,1,-41.67,-39.24,0,TRUE
07/04/2025 22:24,30.49,99.21,0.23,0,0,1,-41.66,-40.68,0,TRUE
07/04/2025 22:24,30.49,99.21,0.23,0,0,1,-41.66,-40.68,0,FALSE
07/04/2025 22:24,30.55,99.21,0.23,0,0,1,-41.66,-40.68,0,FALSE
07/04/2025 22:24,30.55,97.21,0.23,0,0,1,-41.66,-40.68,0,FALSE
07/04/2025 22:24,30.55,97.21,0.31,0,0,1,-41.66,-40.68,0,FALSE
07/04/2025 22:24,30.55,97.21,0.31,0,0.26,1,-41.66,-40.68,0,FALSE
07/04/2025 22:24,28.73,97.21,0.31,0,0.26,1,-41.66,-40.68,0,FALSE
07/04/2025 22:24,28.73,99.18,0.31,0,0.26,1,-41.66,-40.68,0,FALSE
07/04/2025 22:24,28.73,99.18,0.33,0,0.26,1,-41.66,-40.68,0,FALSE
07/04/2025 22:24,28.73,99.18,0.33,0,0.26,1,-41.66,-40.68,0,FALSE
07/04/2025 22:24,28.73,99.18,0.33,0,0,1,-41.66,-40.68,0,FALSE
07/04/2025 22:24,29.72,99.18,0.33,0,0,1,-41.66,-40.68,0,FALSE
07/04/2025 22:24,28.15,99.18,0.33,0,0,1,-41.66,-40.68,0,FALSE
07/04/2025 22:24,28.15,97.16,0.33,0,0,1,-41.66,-40.68,0,FALSE
07/04/2025 22:24,28.15,97.16,0.52,0,0,1,-41.66,-40.68,0,FALSE
07/04/2025 22:24,28.15,97.16,0.52,0,0,1,-41.66,-40.68,0,FALSE
07/04/2025 22:24,28.15,97.16,0.52,0,0.01,1,-41.66,-40.68,0,FALSE
07/04/2025 22:24,28.15,99.16,0.52,0,0.01,1,-41.66,-40.68,0,FALSE
07/04/2025 22:24,28.15,99.16,0.25,0,0.01,1,-41.66,-40.68,0,FALSE
07/04/2025 22:24,28.15,99.16,0.25,0,0,1,-41.66,-40.68,0,FALSE
07/04/2025 22:24,28.81,99.16,0.25,0,0,1,-41.66,-40.68,0,FALSE
07/04/2025 22:25,28.81,99.16,0.25,0,0,1,-41.66,-40.68,0,FALSE
07/04/2025 22:25,28.81,99.1,0.25,0,0,1,-41.66,-40.68,0,FALSE
07/04/2025 22:25,28.81,99.1,0.55,0,0,1,-41.66,-40.68,0,FALSE
07/04/2025 22:25,30.19,99.1,0.55,0,0,1,-41.66,-40.68,0,FALSE
07/04/2025 22:25,30.19,97.12,0.55,0,0,1,-41.66,-40.68,0,FALSE
07/04/2025 22:25,30.19,97.12,0.39,0,0,1,-41.66,-40.68,0,FALSE
07/04/2025 22:25,30.19,97.12,0.39,0,0,1,-41.66,-40.68,0,FALSE
07/04/2025 22:25,29.07,97.12,0.39,0,0,1,-41.66,-40.68,0,FALSE
07/04/2025 22:25,29.07,99.08,0.39,0,0,1,-41.66,-40.68,0,FALSE
07/04/2025 22:25,29.07,99.08,0.24,0,0,1,-41.66,-40.68,0,FALSE
07/04/2025 22:25,26.37,99.08,0.24,0,0,1,-41.66,-40.68,0,FALSE
07/04/2025 22:25,26.37,97.12,0.24,0,0,1,-41.66,-40.68,0,FALSE
07/04/2025 22:25,26.37,97.12,0.24,0,0,1,-41.66,-40.68,0,FALSE
07/04/2025 22:25,26.37,97.12,0,0,0,1,-41.66,-40.68,0,FALSE
07/04/2025 22:25,26.37,97.12,0,0.38,0,1,-41.66,-40.68,0,FALSE
07/04/2025 22:25,29.36,97.12,0,0.38,0,1,-41.66,-40.68,0,FALSE
07/04/2025 22:25,29.36,99.05,0,0.38,0,1,-41.66,-40.68,0,FALSE
07/04/2025 22:25,29.36,99.05,0.32,0.38,0,1,-41.66,-40.68,0,FALSE
07/04/2025 22:25,29.36,99.05,0.32,0.38,0,1,-41.66,-40.68,0,FALSE
07/04/2025 22:25,29.36,99.05,0.32,0,0,1,-41.66,-40.68,0,FALSE
07/04/2025 22:25,29,99.05,0.32,0,0,1,-41.66,-40.68,0,FALSE
07/04/2025 22:25,21.46,99.05,0.32,0,0,1,-41.66,-40.68,0,FALSE
07/04/2025 22:25,21.46,97.05,0.32,0,0,1,-41.66,-40.68,0,FALSE
07/04/2025 22:25,21.46,97.05,0.72,0,0,1,-41.66,-40.68,0,FALSE
07/04/2025 22:25,21.46,97.05,0.72,0,0,1,-41.66,-40.68,0,FALSE
07/04/2025 22:25,21.46,99.01,0.72,0,0,1,-41.66,-40.68,0,FALSE
07/04/2025 22:25,21.46,99.01,0.4,0,0,1,-41.66,-40.68,0,FALSE
07/04/2025 22:25,29.15,99.01,0.4,0,0,1,-41.66,-40.68,0,FALSE
07/04/2025 22:25,29.15,99.01,0.4,0,0,1,-41.66,-40.68,0,FALSE
07/04/2025 22:25,29.15,98.97,0.4,0,0,1,-41.66,-40.68,0,FALSE
07/04/2025 22:25,29.15,98.97,0.38,0,0,1,-41.66,-40.68,0,FALSE
07/04/2025 22:25,20.71,98.97,0.38,0,0,1,-41.66,-40.68,0,FALSE
07/04/2025 22:25,20.71,97.05,0.38,0,0,1,-41.66,-40.68,0,FALSE
07/04/2025 22:25,20.71,97.05,0,0,0,1,-41.66,-40.68,0,FALSE
07/04/2025 22:25,20.71,97.05,0,0.07,0,1,-41.66,-40.68,0,FALSE
07/04/2025 22:25,20.71,97.05,0,0.07,0,1,-41.66,-40.68,0,FALSE
07/04/2025 22:25,20.71,97.05,0,0,0,1,-41.66,-40.68,0,FALSE
07/04/2025 22:25,28.83,97.05,0,0,0,1,-41.66,-40.68,0,FALSE
07/04/2025 22:25,28.83,98.93,0,0,0,1,-41.66,-40.68,0,FALSE
07/04/2025 22:25,28.83,98.93,0.4,0,0,1,-41.66,-40.68,0,FALSE
07/04/2025 22:25,28.83,98.93,0.4,0,0,1,-41.66,-40.68,0,FALSE
07/04/2025 22:25,28.83,98.93,0.4,0,-0.07,1,-41.66,-40.68,0,FALSE
07/04/2025 22:25,13.92,98.93,0.4,0,-0.07,1,-41.66,-40.68,0,FALSE
07/04/2025 22:25,13.92,97.05,0.4,0,-0.07,1,-41.66,-40.68,0,FALSE
07/04/2025 22:25,13.92,97.05,0,0,-0.07,1,-41.66,-40.68,0,FALSE
07/04/2025 22:25,13.92,97.05,0,1,-0.07,1,-41.66,-40.68,0,FALSE
07/04/2025 22:25,13.92,97.05,0,1,0,1,-41.66,-40.68,0,FALSE
07/04/2025 22:25,29.26,97.05,0,1,0,1,-41.66,-40.68,0,FALSE
07/04/2025 22:25,29.26,98.9,0,1,0,1,-41.66,-40.68,0,FALSE
07/04/2025 22:25,29.26,98.9,0,1,0,1,-41.66,-40.68,0,FALSE
07/04/2025 22:25,29.26,98.9,0.26,1,0,1,-41.66,-40.68,0,FALSE
07/04/2025 22:25,0,98.9,0.26,1,0,1,-41.66,-40.68,0,FALSE
07/04/2025 22:25,0,97.05,0.26,1,0,1,-41.66,-40.68,0,FALSE
07/04/2025 22:25,0,97.05,0,1,0,1,-41.66,-40.68,0,FALSE
07/04/2025 22:25,0,97.05,0,1,0,1,-41.66,-40.68,0,FALSE
07/04/2025 22:25,0,97.05,0,1,0,1,-41.66,-40.68,0,FALSE
07/04/2025 22:25,0,97.05,0,1,0,1,-41.66,-40.68,0,FALSE
07/04/2025 22:25,0,97.05,0,1,0,1,-41.66,-40.68,0,FALSE
07/04/2025 22:25,0,97.05,0,1,0,1,-41.66,-40.68,0,FALSE
07/04/2025 22:25,0,97.05,0,1,0,1,-41.66,-40.68,0,FALSE
07/04/2025 22:25,0,97.05,0,1,0,1,-41.66,-40.68,0,FALSE
07/04/2025 22:25,0,97.05,0,1,0,1,-41.66,-41.15,0,FALSE
07/04/2025 22:25,0,97.05,0,1,0,1,-41.66,-41.15,0,FALSE
07/04/2025 22:25,0,97.05,0,1,0,1,-41.57,-45.41,0,FALSE
07/04/2025 22:25,0,97.05,0,1,0,1,-41.57,-45.41,0,FALSE
07/04/2025 22:25,0,97.05,0,1,0,1,-40.51,-52.68,0,FALSE
07/04/2025 22:25,7.79,97.05,0,1,0,1,-40.51,-52.68,0,FALSE
07/04/2025 22:25,7.79,96.96,0,1,0,1,-40.51,-52.68,0,FALSE
07/04/2025 22:25,7.79,96.96,0,1,0,1,-40.51,-52.68,0,FALSE
07/04/2025 22:25,7.79,96.96,0.85,1,0,1,-40.51,-52.68,0,FALSE
07/04/2025 22:25,7.79,96.96,0.85,0,0,1,-40.51,-52.68,0,FALSE
07/04/2025 22:25,19.15,96.96,0.85,0,0,1,-40.51,-52.68,0,FALSE
07/04/2025 22:25,19.15,96.88,0.85,0,0,1,-40.51,-52.68,0,FALSE
07/04/2025 22:25,19.15,96.88,0.85,0,0,1,-35.57,-59.04,0,FALSE
07/04/2025 22:25,19.15,96.88,0.85,0,0,1,-35.57,-59.04,0,FALSE
07/04/2025 22:25,19.15,96.88,0.85,0,0.03,1,-35.57,-59.04,0,FALSE
07/04/2025 22:25,27.98,96.88,0.85,0,0.03,1,-35.57,-59.04,0,FALSE
07/04/2025 22:25,27.98,96.82,0.85,0,0.03,1,-35.57,-59.04,0,FALSE
07/04/2025 22:25,27.98,96.82,0.61,0,0.03,1,-35.57,-59.04,0,FALSE
07/04/2025 22:25,27.98,96.82,0.61,0,0.03,1,-27.86,-61.22,0,FALSE
07/04/2025 22:25,27.98,96.82,0.61,0,0.21,1,-27.86,-61.22,0,FALSE
07/04/2025 22:25,27.98,96.82,0.61,0,0.21,1,-27.86,-61.22,0,FALSE
07/04/2025 22:25,30.21,96.82,0.61,0,0.21,1,-27.86,-61.22,0,FALSE
07/04/2025 22:25,30.21,96.81,0.61,0,0.21,1,-27.86,-61.22,0,FALSE
07/04/2025 22:25,30.21,96.81,0.1,0,0.21,1,-27.86,-61.22,0,FALSE
07/04/2025 22:25,30.21,96.81,0.1,0,0.21,1,-19.73,-61.19,0,FALSE
07/04/2025 22:25,28.56,96.81,0.1,0,0.21,1,-19.73,-61.19,0,FALSE
07/04/2025 22:25,28.56,96.75,0.1,0,0.21,1,-19.73,-61.19,0,FALSE
07/04/2025 22:25,28.56,96.75,0.1,0,0.21,1,-19.73,-61.19,0,FALSE
07/04/2025 22:25,28.56,96.75,0.61,0,0.21,1,-19.73,-61.19,0,FALSE
07/04/2025 22:25,28.56,96.75,0.61,0,0.08,1,-19.73,-61.19,0,FALSE
07/04/2025 22:25,29.2,96.75,0.61,0,0.08,1,-19.73,-61.19,0,FALSE
07/04/2025 22:25,29.2,96.73,0.61,0,0.08,1,-19.73,-61.19,0,FALSE
07/04/2025 22:25,29.2,96.73,0.61,0,0.08,1,-11.56,-61.11,0,FALSE
07/04/2025 22:25,29.2,96.73,0.22,0,0.08,1,-11.56,-61.11,0,FALSE
07/04/2025 22:25,29.2,96.73,0.22,0,0.08,1,-11.56,-61.11,0,FALSE
07/04/2025 22:25,29.2,96.73,0.22,0,0,1,-11.56,-61.11,0,FALSE
07/04/2025 22:25,29.14,96.73,0.22,0,0,1,-11.56,-61.11,0,FALSE
07/04/2025 22:25,29.14,96.69,0.22,0,0,1,-11.56,-61.11,0,FALSE
07/04/2025 22:25,29.14,96.69,0.39,0,0,1,-11.56,-61.11,0,FALSE
07/04/2025 22:25,29.14,96.69,0.39,0,0,1,-3.34,-61.02,0,FALSE
07/04/2025 22:25,28.99,96.69,0.39,0,0,1,-3.34,-61.02,0,FALSE
07/04/2025 22:25,28.99,96.69,0.39,0,0,1,-3.34,-61.02,0,FALSE
07/04/2025 22:25,28.99,96.65,0.39,0,0,1,-3.34,-61.02,0,FALSE
07/04/2025 22:25,28.99,96.65,0.37,0,0,1,-3.34,-61.02,0,FALSE
07/04/2025 22:25,28.99,96.65,0.37,0,0,1,4.96,-60.93,0,FALSE
07/04/2025 22:25,29.03,96.65,0.37,0,0,1,4.96,-60.93,0,FALSE
07/04/2025 22:25,29.03,96.61,0.37,0,0,1,4.96,-60.93,0,FALSE
07/04/2025 22:25,29.03,96.61,0.37,0,0,1,4.96,-60.93,0,FALSE
07/04/2025 22:25,29.03,96.61,0.38,0,0,1,4.96,-60.93,0,FALSE
07/04/2025 22:25,29.03,96.61,0.38,0,0,1,13.1,-60.91,0,FALSE
07/04/2025 22:25,29.2,96.61,0.38,0,0,1,13.1,-60.91,0,FALSE
07/04/2025 22:25,29.2,96.61,0.38,0,0,1,13.1,-60.91,0,FALSE
07/04/2025 22:25,29.2,96.58,0.38,0,0,1,13.1,-60.91,0,FALSE
07/04/2025 22:25,29.2,96.58,0.29,0,0,1,13.1,-60.91,0,FALSE
07/04/2025 22:25,29.2,96.58,0.29,0,0,1,21.25,-60.91,0,FALSE
07/04/2025 22:25,29.15,96.58,0.29,0,0,1,21.25,-60.91,0,FALSE
07/04/2025 22:25,29.15,96.55,0.29,0,0,1,21.25,-60.91,0,FALSE
07/04/2025 22:25,29.15,96.55,0.29,0,0,1,21.25,-60.91,0,FALSE
07/04/2025 22:25,29.15,96.55,0.38,0,0,1,21.25,-60.91,0,FALSE
07/04/2025 22:25,29.15,96.55,0.38,0,0,1,29.46,-60.91,0,FALSE
07/04/2025 22:25,28.9,96.55,0.38,0,0,1,29.46,-60.91,0,FALSE
07/04/2025 22:25,28.9,96.55,0.38,0,0,1,29.46,-60.91,0,FALSE
07/04/2025 22:25,28.9,96.51,0.38,0,0,1,29.46,-60.91,0,FALSE
07/04/2025 22:25,28.9,96.51,0.39,0,0,1,29.46,-60.91,0,FALSE
07/04/2025 22:25,28.9,96.51,0.39,0,0,1,37.86,-60.91,0,FALSE
07/04/2025 22:25,29.21,96.51,0.39,0,0,1,37.86,-60.91,0,FALSE
07/04/2025 22:25,29.21,96.51,0.39,0,0,1,37.86,-60.91,0,FALSE
07/04/2025 22:25,29.21,96.47,0.39,0,0,1,37.86,-60.91,0,FALSE
07/04/2025 22:25,29.21,96.47,0.4,0,0,1,37.86,-60.91,0,FALSE
07/04/2025 22:25,29.21,96.47,0.4,0,0,1,45.99,-60.92,0,FALSE
07/04/2025 22:25,28.82,96.47,0.4,0,0,1,45.99,-60.92,0,FALSE
07/04/2025 22:25,28.82,96.47,0.4,0,0,1,45.99,-60.92,0,FALSE
07/04/2025 22:25,28.82,96.43,0.4,0,0,1,45.99,-60.92,0,FALSE
07/04/2025 22:25,28.82,96.43,0.37,0,0,1,45.99,-60.92,0,FALSE
07/04/2025 22:25,28.82,96.43,0.37,0,0,1,54.1,-60.92,0,FALSE
07/04/2025 22:25,29.39,96.43,0.37,0,0,1,54.1,-60.92,0,FALSE
07/04/2025 22:25,29.39,96.43,0.37,0,0,1,54.1,-60.92,0,FALSE
07/04/2025 22:25,29.39,96.41,0.37,0,0,1,54.1,-60.92,0,FALSE
07/04/2025 22:25,29.39,96.41,0.25,0,0,1,54.1,-60.92,0,FALSE
07/04/2025 22:25,29.39,96.41,0.25,0,0,1,62.32,-60.89,0,FALSE
07/04/2025 22:25,28.84,96.41,0.25,0,0,1,62.32,-60.89,0,FALSE
07/04/2025 22:25,28.84,96.41,0.25,0,0,1,62.32,-60.89,0,FALSE
07/04/2025 22:25,28.84,96.36,0.25,0,0,1,62.32,-60.89,0,FALSE
07/04/2025 22:25,28.84,96.36,0.48,0,0,1,62.32,-60.89,0,FALSE
07/04/2025 22:25,28.84,96.36,0.48,0,0,1,70.41,-60.35,0,FALSE
07/04/2025 22:25,29.22,96.36,0.48,0,0,1,70.41,-60.35,0,FALSE
07/04/2025 22:25,29.22,96.36,0.48,0,0,1,70.41,-60.35,0,FALSE
07/04/2025 22:25,29.22,96.33,0.48,0,0,1,70.41,-60.35,0,FALSE
07/04/2025 22:25,29.22,96.33,0.32,0,0,1,70.41,-60.35,0,FALSE
07/04/2025 22:25,29.22,96.33,0.32,0,0.03,1,70.41,-60.35,0,FALSE
07/04/2025 22:25,29.22,96.33,0.32,0,0.03,1,78.3,-58.38,0,FALSE
07/04/2025 22:25,29,96.33,0.32,0,0.03,1,78.3,-58.38,0,FALSE
07/04/2025 22:25,29,96.33,0.32,0,0.03,1,78.3,-58.38,0,FALSE
07/04/2025 22:25,29,96.29,0.32,0,0.03,1,78.3,-58.38,0,FALSE
07/04/2025 22:25,29,96.29,0.4,0,0.03,1,78.3,-58.38,0,FALSE
07/04/2025 22:25,29,96.29,0.4,0,0.09,1,78.3,-58.38,0,FALSE
07/04/2025 22:25,29,96.29,0.4,0,0.09,1,85.65,-54.68,0,FALSE
07/04/2025 22:25,29.09,96.29,0.4,0,0.09,1,85.65,-54.68,0,FALSE
07/04/2025 22:25,29.09,96.29,0.4,0,0.09,1,85.65,-54.68,0,FALSE
07/04/2025 22:25,29.09,96.25,0.4,0,0.09,1,85.65,-54.68,0,FALSE
07/04/2025 22:25,29.09,96.25,0.37,0,0.09,1,85.65,-54.68,0,FALSE
07/04/2025 22:25,29.09,96.25,0.37,0,0.05,1,85.65,-54.68,0,FALSE
07/04/2025 22:25,29.09,96.25,0.37,0,0.05,1,92.01,-49.49,0,FALSE
07/04/2025 22:25,29.16,96.25,0.37,0,0.05,1,92.01,-49.49,0,FALSE
07/04/2025 22:25,29.16,96.25,0.37,0,0.05,1,92.01,-49.49,0,TRUE
07/04/2025 22:25,29.16,96.21,0.37,0,0.05,1,92.01,-49.49,0,TRUE
07/04/2025 22:25,29.16,96.21,0.38,0,0.05,1,92.01,-49.49,0,TRUE
07/04/2025 22:25,29.16,96.21,0.38,0,0.09,1,92.01,-49.49,0,TRUE
07/04/2025 22:25,29.16,96.21,0.38,0,0.09,1,97.06,-43.1,0,TRUE
07/04/2025 22:25,28.98,96.21,0.38,0,0.09,1,97.06,-43.1,0,TRUE
07/04/2025 22:25,28.98,96.21,0.38,0,0.09,1,97.06,-43.1,0,TRUE
07/04/2025 22:25,28.98,96.17,0.38,0,0.09,1,97.06,-43.1,0,TRUE
07/04/2025 22:25,28.98,96.17,0.39,0,0.09,1,97.06,-43.1,0,TRUE
07/04/2025 22:25,28.98,96.17,0.39,0,0.06,1,97.06,-43.1,0,TRUE
07/04/2025 22:25,28.98,96.17,0.39,0,0.06,1,100.61,-35.76,0,TRUE
07/04/2025 22:25,29.18,96.17,0.39,0,0.06,1,100.61,-35.76,0,TRUE
07/04/2025 22:25,29.18,96.17,0.39,0,0.06,1,100.61,-35.76,0,TRUE
07/04/2025 22:25,29.18,96.14,0.39,0,0.06,1,100.61,-35.76,0,TRUE
07/04/2025 22:25,29.18,96.14,0.32,0,0.06,1,100.61,-35.76,0,TRUE
07/04/2025 22:25,29.18,96.14,0.32,0,0.1,1,100.61,-35.76,0,TRUE
07/04/2025 22:25,29.18,96.14,0.32,0,0.1,1,102.45,-28.03,0,TRUE
07/04/2025 22:25,26.65,96.14,0.32,0,0.1,1,102.45,-28.03,0,TRUE
07/04/2025 22:25,26.65,96.14,0.32,0,0.1,1,102.45,-28.03,0,TRUE
07/04/2025 22:25,26.65,96.1,0.32,0,0.1,1,102.45,-28.03,0,TRUE
07/04/2025 22:25,26.65,96.1,0.41,0,0.1,1,102.45,-28.03,0,TRUE
07/04/2025 22:25,26.65,96.1,0.41,0,0.08,1,102.45,-28.03,0,TRUE
07/04/2025 22:25,26.65,96.1,0.41,0,0.08,1,102.87,-21.05,0,TRUE
07/04/2025 22:25,23.11,96.1,0.41,0,0.08,1,102.87,-21.05,0,TRUE
07/04/2025 22:25,23.11,96.1,0.41,0,0.08,1,102.87,-21.05,0,TRUE
07/04/2025 22:25,23.11,96.08,0.41,0,0.08,1,102.87,-21.05,0,TRUE
07/04/2025 22:25,23.11,96.08,0.21,0,0.08,1,102.87,-21.05,0,TRUE
07/04/2025 22:25,23.11,96.08,0.21,0,0.03,1,102.87,-21.05,0,TRUE
07/04/2025 22:25,23.11,96.08,0.21,0,0.03,1,102.92,-14.95,0,TRUE
07/04/2025 22:25,20.78,96.08,0.21,0,0.03,1,102.92,-14.95,0,TRUE
07/04/2025 22:25,20.78,96.08,0.21,0,0.03,1,102.92,-14.95,0,TRUE
07/04/2025 22:25,20.78,96.08,0,0,0.03,1,102.92,-14.95,0,TRUE
07/04/2025 22:25,20.78,96.08,0,0,0,1,102.92,-14.95,0,TRUE
07/04/2025 22:25,0,96.08,0,0,0,1,102.92,-14.95,0,TRUE
07/04/2025 22:25,0,97.57,0,0,0,1,102.92,-14.95,0,TRUE
07/04/2025 22:25,0,97.57,0,0,0,1,102.91,-9.8,0,TRUE
07/04/2025 22:25,0,97.57,0,0,0,1,102.91,-9.8,0,TRUE
07/04/2025 22:25,0,97.57,0,1,0,1,102.91,-9.8,0,TRUE
07/04/2025 22:25,0,97.57,0,1,0.04,1,102.91,-9.8,0,TRUE
07/04/2025 22:25,13.87,97.57,0,1,0.04,1,102.91,-9.8,0,TRUE
07/04/2025 22:25,13.87,96.08,0,1,0.04,1,102.91,-9.8,0,TRUE
07/04/2025 22:25,13.87,96.08,0,1,0.04,1,102.91,-8.46,0,TRUE
07/04/2025 22:25,13.87,96.08,0,1,0,1,102.91,-8.46,0,TRUE
07/04/2025 22:25,13.87,96.08,0,1,0,1,102.91,-8.46,0,TRUE
07/04/2025 22:25,13.87,96.08,0,1,0.04,1,102.91,-8.46,0,TRUE
07/04/2025 22:25,0,96.08,0,1,0.04,1,102.91,-8.46,0,TRUE
07/04/2025 22:25,0,97.57,0,1,0.04,1,102.91,-8.46,0,TRUE
07/04/2025 22:25,0,97.57,0,1,0.04,1,102.91,-8.46,0,TRUE
07/04/2025 22:25,0,97.57,0,1,0.04,1,102.91,-8.46,0,TRUE
07/04/2025 22:25,0,96.08,0,1,0.04,1,102.91,-8.46,0,TRUE
07/04/2025 22:25,0,96.08,0,1,0,1,102.91,-8.46,0,TRUE
07/04/2025 22:25,0,96.08,0,1,0.04,1,102.91,-8.46,0,TRUE
07/04/2025 22:25,0,96.08,0,1,0.04,1,102.91,-8.46,0,TRUE
07/04/2025 22:25,0,96.08,0,1,0.04,1,102.91,-8.46,0,TRUE
07/04/2025 22:25,0,97.57,0,1,0.04,1,102.91,-8.46,0,TRUE
07/04/2025 22:25,0,96.08,0,1,0.04,1,102.91,-8.46,0,TRUE
07/04/2025 22:25,0,96.08,0,1,0.04,1,102.91,-8.46,0,TRUE
07/04/2025 22:25,0,96.08,0,1,0,1,102.91,-8.46,0,TRUE
07/04/2025 22:25,0,96.08,0,1,0,1,102.91,-8.46,0,TRUE
07/04/2025 22:25,0,97.57,0,1,0,1,102.91,-8.46,0,TRUE
07/04/2025 22:25,0,97.57,0,1,0.04,1,102.91,-8.46,0,TRUE
07/04/2025 22:25,0,97.57,0,1,0.04,1,102.91,-8.46,0,TRUE
07/04/2025 22:25,0,97.57,0,1,0.04,1,102.91,-8.46,0,TRUE
07/04/2025 22:25,0,96.08,0,1,0.04,1,102.91,-8.46,0,TRUE
07/04/2025 22:25,0,96.08,0,1,0,1,102.91,-8.46,0,TRUE
07/04/2025 22:25,0,97.57,0,1,0,1,102.91,-8.46,0,TRUE
07/04/2025 22:25,0,97.57,0,1,0,1,102.91,-8.46,0,TRUE
07/04/2025 22:25,0,97.57,0,1,0.04,1,102.91,-8.46,0,TRUE
07/04/2025 22:25,0,97.57,0,1,0.04,1,102.91,-8.46,0,TRUE
07/04/2025 22:25,0,96.08,0,1,0.04,1,102.91,-8.46,0,TRUE
07/04/2025 22:25,0,96.08,0,1,0,1,102.91,-8.46,0,TRUE
07/04/2025 22:25,0,96.08,0,1,0,1,102.91,-8.46,0,TRUE
07/04/2025 22:25,0,96.08,0,1,0,1,102.91,-8.46,0,TRUE
07/04/2025 22:25,0,96.08,0,1,0.04,1,102.91,-8.46,0,TRUE
07/04/2025 22:25,0,97.57,0,1,0.04,1,102.91,-8.46,0,TRUE
07/04/2025 22:25,0,97.57,0,1,0.04,1,102.91,-8.46,0,TRUE
07/04/2025 22:25,0,96.08,0,1,0.04,1,102.91,-8.46,0,TRUE
07/04/2025 22:25,0,96.08,0,1,0.04,1,102.91,-8.46,0,TRUE
07/04/2025 22:25,0,96.08,0,1,0,1,102.91,-8.46,0,TRUE
07/04/2025 22:25,3.43,96.08,0,1,0,1,102.91,-8.46,0,TRUE
07/04/2025 22:25,3.43,96.08,0,1,0,1,102.91,-8.46,0,TRUE
07/04/2025 22:25,3.43,97.48,0,1,0,1,102.91,-8.46,0,TRUE
07/04/2025 22:25,3.43,97.48,0,1,0,1,102.91,-8.46,0,TRUE
07/04/2025 22:25,3.43,97.48,0.85,1,0,1,102.91,-8.46,0,TRUE
07/04/2025 22:25,3.43,97.48,0.85,0,0,1,102.91,-8.46,0,TRUE
07/04/2025 22:25,3.43,97.48,0.85,0,0.04,1,102.91,-8.46,0,TRUE
07/04/2025 22:25,1.13,97.48,0.85,0,0.04,1,102.91,-8.46,0,TRUE
07/04/2025 22:25,0,97.48,0.85,0,0.04,1,102.91,-8.46,0,TRUE
07/04/2025 22:25,0,97.48,0.85,0,0.04,1,102.91,-8.46,0,TRUE
07/04/2025 22:25,0,96.08,0.85,0,0.04,1,102.91,-8.46,0,TRUE
07/04/2025 22:25,0,96.08,0.85,0,0.04,1,102.91,-8.46,0,TRUE
07/04/2025 22:25,0,96.08,0,0,0.04,1,102.91,-8.46,0,TRUE
07/04/2025 22:25,0,96.08,0,1,0.04,1,102.91,-8.46,0,TRUE
07/04/2025 22:25,0,96.08,0,1,0,1,102.91,-8.46,0,TRUE
07/04/2025 22:25,0,97.4,0,1,0,1,102.91,-8.46,0,TRUE
07/04/2025 22:25,0,97.4,0.85,1,0,1,102.91,-8.46,0,TRUE
07/04/2025 22:25,0,97.4,0.85,0,0,1,102.91,-8.46,0,TRUE
07/04/2025 22:25,0,97.4,0.85,0,0,1,102.91,-8.46,0,TRUE
07/04/2025 22:25,0,97.4,0.85,0,0,1,102.91,-8.46,0,TRUE
07/04/2025 22:25,0,97.4,0.85,0,0.01,1,102.91,-8.46,0,TRUE
07/04/2025 22:25,20.84,97.4,0.85,0,0.01,1,102.91,-8.46,0,TRUE
07/04/2025 22:25,20.84,97.31,0.85,0,0.01,1,102.91,-8.46,0,TRUE
07/04/2025 22:25,0,97.31,0.85,0,0.01,1,102.91,-8.46,0,TRUE
07/04/2025 22:25,0,97.31,0.85,0,0.01,1,102.91,-8.46,0,TRUE
07/04/2025 22:25,0,96.08,0.85,0,0.01,1,102.91,-8.46,0,TRUE
07/04/2025 22:25,0,96.08,0,0,0.01,1,102.91,-8.46,0,TRUE
07/04/2025 22:25,0,96.08,0,0,0.01,1,102.91,-8.46,0,TRUE
07/04/2025 22:25,0,96.08,0,1,0.01,1,102.91,-8.46,0,TRUE
07/04/2025 22:25,0,96.08,0,1,0,1,102.91,-8.46,0,TRUE
07/04/2025 22:25,0,96.08,0,0,0,1,102.91,-8.46,0,TRUE
07/04/2025 22:25,0,96.08,0,0,0.07,1,102.91,-8.46,0,TRUE
07/04/2025 22:25,0,96.08,0,0,0.07,1,102.91,-8.46,0,TRUE
07/04/2025 22:25,27.56,96.08,0,0,0.07,1,102.91,-8.46,0,TRUE
07/04/2025 22:25,27.56,96.08,0,0,0.07,1,102.91,-8.46,0,TRUE
07/04/2025 22:25,27.56,97.24,0,0,0.07,1,102.91,-8.46,0,TRUE
07/04/2025 22:25,27.56,97.24,0.69,0,0.07,1,102.91,-8.46,0,TRUE
07/04/2025 22:25,27.56,97.24,0.69,0,0.21,1,102.91,-8.46,0,TRUE
07/04/2025 22:25,0,97.24,0.69,0,0.21,1,102.91,-8.46,0,TRUE
07/04/2025 22:25,0,96.08,0.69,0,0.21,1,102.91,-8.46,0,TRUE
07/04/2025 22:25,0,96.08,0,0,0.21,1,102.91,-8.46,0,TRUE
07/04/2025 22:25,0,96.08,0,0,0.21,1,102.91,-8.46,0,TRUE
07/04/2025 22:25,0,96.08,0,1,0.21,1,102.91,-8.46,0,TRUE
07/04/2025 22:25,0,96.08,0,1,0.21,1,102.91,-8.46,0,TRUE
07/04/2025 22:25,0,96.08,0,1,0,1,102.91,-8.46,0,TRUE
07/04/2025 22:25,30.55,96.08,0,1,0,1,102.91,-8.46,0,TRUE
07/04/2025 22:25,30.55,97.21,0,1,0,1,102.91,-8.46,0,TRUE
07/04/2025 22:25,30.55,97.21,0.31,1,0,1,102.91,-8.46,0,TRUE
07/04/2025 22:25,30.55,97.21,0.31,0,0,1,102.91,-8.46,0,TRUE
07/04/2025 22:25,30.55,97.21,0.31,0,0,1,102.91,-8.46,0,TRUE
07/04/2025 22:25,30.55,97.21,0.31,0,0.26,1,102.91,-8.46,0,TRUE
07/04/2025 22:25,30.55,97.21,0.31,0,0.26,1,102.91,-8.46,0,TRUE
07/04/2025 22:25,0,97.21,0.31,0,0.26,1,102.91,-8.46,0,TRUE
07/04/2025 22:25,0,96.08,0.31,0,0.26,1,102.91,-8.46,0,TRUE
07/04/2025 22:25,0,96.08,0,0,0.26,1,102.91,-8.46,0,TRUE
07/04/2025 22:25,0,96.08,0,1,0.26,1,102.91,-8.46,0,TRUE
07/04/2025 22:25,0,96.08,0,1,0,1,102.91,-8.46,0,TRUE
07/04/2025 22:25,0,96.08,0,1,0,1,102.91,-8.46,0,TRUE
07/04/2025 22:25,0,96.08,0,1,0,1,102.91,-8.46,0,TRUE
07/04/2025 22:25,28.15,96.08,0,1,0,1,102.91,-8.46,0,TRUE
07/04/2025 22:25,28.15,97.16,0,1,0,1,102.91,-8.46,0,TRUE
07/04/2025 22:25,28.15,97.16,0.52,1,0,1,102.91,-8.46,0,TRUE
07/04/2025 22:25,28.15,97.16,0.52,0,0,1,102.91,-8.46,0,TRUE
07/04/2025 22:25,28.15,97.16,0.52,0,0.01,1,102.91,-8.46,0,TRUE
07/04/2025 22:25,30.19,97.16,0.52,0,0.01,1,102.91,-8.46,0,TRUE
07/04/2025 22:25,30.19,97.12,0.52,0,0.01,1,102.91,-8.46,0,TRUE
07/04/2025 22:25,30.19,97.12,0.39,0,0.01,1,102.91,-8.46,0,TRUE
07/04/2025 22:25,0,97.12,0.39,0,0.01,1,102.91,-8.46,0,TRUE
07/04/2025 22:25,0,96.08,0.39,0,0.01,1,102.91,-8.46,0,TRUE
07/04/2025 22:25,0,96.08,0,0,0.01,1,102.91,-8.46,0,TRUE
07/04/2025 22:25,0,96.08,0,1,0.01,1,102.91,-8.46,0,TRUE
07/04/2025 22:25,0,96.08,0,1,0.01,1,102.91,-8.46,0,TRUE
07/04/2025 22:25,0,96.08,0,1,0,1,102.91,-8.46,0,TRUE
07/04/2025 22:25,0,96.08,0,1,0,1,102.91,-8.46,0,TRUE
07/04/2025 22:25,0,96.08,0,0,0,1,102.91,-8.46,0,TRUE
07/04/2025 22:25,26.37,96.08,0,0,0,1,102.91,-8.46,0,TRUE
07/04/2025 22:25,26.37,97.12,0,0,0,1,102.91,-8.46,0,TRUE
07/04/2025 22:25,26.37,97.12,0,0,0,1,102.91,-8.46,0,TRUE
07/04/2025 22:26,26.37,97.12,0,0,0,1,102.91,-8.46,0,FALSE
07/04/2025 22:26,26.37,97.12,0,0.38,0,1,102.91,-8.46,0,FALSE
07/04/2025 22:26,0,97.12,0,0.38,0,1,102.91,-8.46,0,FALSE
07/04/2025 22:26,0,96.08,0,0.38,0,1,102.91,-8.46,0,FALSE
07/04/2025 22:26,0,96.08,0,1,0,1,102.91,-8.46,0,FALSE
07/04/2025 22:26,0,96.08,0,1,0,1,102.91,-8.46,0,FALSE
07/04/2025 22:26,0,96.08,0,1,0,1,102.91,-8.46,0,FALSE
07/04/2025 22:26,21.46,96.08,0,1,0,1,102.91,-8.46,0,FALSE
07/04/2025 22:26,21.46,97.05,0,1,0,1,102.91,-8.46,0,FALSE
07/04/2025 22:26,21.46,97.05,0.72,1,0,1,102.91,-8.46,0,FALSE
07/04/2025 22:26,21.46,97.05,0.72,0,0,1,102.91,-8.46,0,FALSE
07/04/2025 22:26,21.46,97.05,0.72,0,0,1,102.91,-8.46,0,FALSE
07/04/2025 22:26,0,97.05,0.72,0,0,1,102.91,-8.46,0,FALSE
07/04/2025 22:26,0,97.05,0.72,0,0,1,102.91,-8.46,0,FALSE
07/04/2025 22:26,0,96.08,0.72,0,0,1,102.91,-8.46,0,FALSE
07/04/2025 22:26,0,96.08,0,0,0,1,102.91,-8.46,0,FALSE
07/04/2025 22:26,0,96.08,0,1,0,1,102.91,-8.46,0,FALSE
07/04/2025 22:26,20.71,96.08,0,1,0,1,102.91,-8.46,0,FALSE
07/04/2025 22:26,20.71,97.05,0,1,0,1,102.91,-8.46,0,FALSE
07/04/2025 22:26,20.71,97.05,0,1,0,1,102.91,-8.46,0,FALSE
07/04/2025 22:26,20.71,97.05,0,0.07,0,1,102.91,-8.46,0,FALSE
07/04/2025 22:26,20.71,97.05,0,0.07,0,1,102.91,-8.46,0,FALSE
07/04/2025 22:26,13.92,97.05,0,0.07,0,1,102.91,-8.46,0,FALSE
07/04/2025 22:26,0,97.05,0,0.07,0,1,102.91,-8.46,0,FALSE
07/04/2025 22:26,0,96.08,0,0.07,0,1,102.91,-8.46,0,FALSE
07/04/2025 22:26,0,96.08,0,0.07,0,1,102.91,-8.46,0,FALSE
07/04/2025 22:26,0,96.08,0,1,0,1,102.91,-8.46,0,FALSE
07/04/2025 22:26,0,96.08,0,1,0,1,102.91,-8.46,0,FALSE
07/04/2025 22:26,0,97.05,0,1,0,1,102.91,-8.46,0,FALSE
07/04/2025 22:26,0,97.05,0,1,0,1,102.91,-8.46,0,FALSE
07/04/2025 22:26,0,97.05,0,1,0,1,102.91,-8.46,0,FALSE
07/04/2025 22:26,0,96.08,0,1,0,1,102.91,-8.46,0,FALSE
07/04/2025 22:26,0,96.08,0,1,0,1,102.91,-8.46,0,FALSE
07/04/2025 22:26,0,97.05,0,1,0,1,102.91,-8.46,0,FALSE
07/04/2025 22:26,0,97.05,0,1,0,1,102.91,-8.46,0,FALSE
07/04/2025 22:26,0,96.08,0,1,0,1,102.91,-8.46,0,FALSE
07/04/2025 22:26,0,96.08,0,1,0,1,102.91,-8.46,0,FALSE
07/04/2025 22:26,0,96.08,0,1,0,1,102.91,-8.46,0,FALSE
07/04/2025 22:26,0,97.05,0,1,0,1,102.91,-8.46,0,FALSE
07/04/2025 22:26,0,97.05,0,1,0,1,102.91,-8.46,0,FALSE
07/04/2025 22:26,0,96.08,0,1,0,1,102.91,-8.46,0,FALSE
07/04/2025 22:26,0,96.08,0,1,0,1,102.91,-8.46,0,FALSE
07/04/2025 22:26,0,97.05,0,1,0,1,102.91,-8.46,0,FALSE
07/04/2025 22:26,0,97.05,0,1,0,1,102.91,-8.46,0,FALSE
07/04/2025 22:26,0,97.05,0,1,0,1,102.91,-8.46,0,FALSE
07/04/2025 22:26,0,96.08,0,1,0,1,102.91,-8.46,0,FALSE
07/04/2025 22:26,0,96.08,0,1,0,1,102.91,-8.46,0,FALSE
07/04/2025 22:26,0,96.08,0,1,0,1,102.91,-8.46,0,FALSE
07/04/2025 22:26,0,97.05,0,1,0,1,102.91,-8.46,0,FALSE
07/04/2025 22:26,0,96.08,0,1,0,1,102.91,-8.46,0,FALSE
07/04/2025 22:26,0,96.08,0,1,0,1,102.91,-8.46,0,FALSE
07/04/2025 22:26,0,96.08,0,1,0,1,102.91,-8.46,0,FALSE
07/04/2025 22:26,0,96.08,0,1,0,1,102.91,-8.46,0,FALSE
07/04/2025 22:26,0,96.08,0,1,0,1,102.91,-8.46,0,FALSE
07/04/2025 22:26,0,96.08,0,1,0,1,102.91,-8.46,0,FALSE
07/04/2025 22:26,0,96.08,0,1,0,1,102.91,-8.46,0,FALSE
07/04/2025 22:26,0,96.08,0,1,0,1,102.91,-8.46,0,FALSE
07/04/2025 22:26,0,96.08,0,1,0,1,102.91,-8.46,0,FALSE
07/04/2025 22:26,0,96.08,0,1,0,1,102.91,-8.46,0,FALSE
07/04/2025 22:26,0,96.08,0,1,0,1,102.91,-8.46,0,FALSE
07/04/2025 22:26,0,96.08,0,1,0,1,102.91,-8.45,0,FALSE
07/04/2025 22:26,0,96.08,0,1,0,1,102.91,-8.45,0,FALSE
07/04/2025 22:26,0,96.08,0,1,0,1,102.89,-5.46,0,FALSE
07/04/2025 22:26,0,96.08,0,1,0,1,102.89,-5.46,0,FALSE
07/04/2025 22:26,0,96.08,0,1,0,1,102.86,-0.26,0,FALSE
07/04/2025 22:26,0,96.08,0,1,0,1,102.86,-0.26,0,FALSE
07/04/2025 22:26,0.81,96.08,0,1,0,1,102.86,-0.26,0,FALSE
07/04/2025 22:26,0.81,96.08,0,1,0,1,102.81,7.93,0,FALSE
07/04/2025 22:26,0.81,95.99,0,1,0,1,102.81,7.93,0,FALSE
07/04/2025 22:26,0.81,95.99,0,1,0,1,102.81,7.93,0,FALSE
07/04/2025 22:26,0.81,95.99,0.85,1,0,1,102.81,7.93,0,FALSE
07/04/2025 22:26,0.81,95.99,0.85,0,0,1,102.81,7.93,0,FALSE
07/04/2025 22:26,17.04,95.99,0.85,0,0,1,102.81,7.93,0,FALSE
07/04/2025 22:26,17.04,95.99,0,0,0,1,102.81,7.93,0,FALSE
07/04/2025 22:26,17.04,95.99,0,0,0,1,102.76,16.17,0,FALSE
07/04/2025 22:26,17.04,95.99,0,0.7,0,1,102.76,16.17,0,FALSE
07/04/2025 22:26,17.04,95.99,0,0.7,0,1,102.76,16.17,0,FALSE
07/04/2025 22:26,26.04,95.99,0,0.7,0,1,102.76,16.17,0,FALSE
07/04/2025 22:26,26.04,95.91,0,0.7,0,1,102.76,16.17,0,FALSE
07/04/2025 22:26,26.04,95.91,0.85,0.7,0,1,102.76,16.17,0,FALSE
07/04/2025 22:26,26.04,95.91,0.85,0,0,1,102.76,16.17,0,FALSE
07/04/2025 22:26,26.04,95.91,0.85,0,0,1,102.7,24.29,0,FALSE
07/04/2025 22:26,30.19,95.91,0.85,0,0,1,102.7,24.29,0,FALSE
07/04/2025 22:26,30.19,95.9,0.85,0,0,1,102.7,24.29,0,FALSE
07/04/2025 22:26,30.19,95.9,0.85,0,0,1,102.7,24.29,0,FALSE
07/04/2025 22:26,30.19,95.9,0.09,0,0,1,102.7,24.29,0,FALSE
07/04/2025 22:26,28.41,95.9,0.09,0,0,1,102.7,24.29,0,FALSE
07/04/2025 22:26,28.41,95.83,0.09,0,0,1,102.7,24.29,0,FALSE
07/04/2025 22:26,28.41,95.83,0.09,0,0,1,102.65,32.35,0,FALSE
07/04/2025 22:26,28.41,95.83,0.66,0,0,1,102.65,32.35,0,FALSE
07/04/2025 22:26,28.41,95.83,0.66,0,0,1,102.65,32.35,0,FALSE
07/04/2025 22:26,29.52,95.83,0.66,0,0,1,102.65,32.35,0,FALSE
07/04/2025 22:26,29.52,95.82,0.66,0,0,1,102.65,32.35,0,FALSE
07/04/2025 22:26,29.52,95.82,0.13,0,0,1,102.65,32.35,0,FALSE
07/04/2025 22:26,29.52,95.82,0.13,0,0,1,102.59,40.59,0,FALSE
07/04/2025 22:26,29.52,95.82,0.13,0,0,1,102.59,40.59,0,FALSE
07/04/2025 22:26,28.55,95.82,0.13,0,0,1,102.59,40.59,0,FALSE
07/04/2025 22:26,28.55,95.75,0.13,0,0,1,102.59,40.59,0,FALSE
07/04/2025 22:26,28.55,95.75,0.69,0,0,1,102.59,40.59,0,FALSE
07/04/2025 22:26,29.63,95.75,0.69,0,0,1,102.59,40.59,0,FALSE
07/04/2025 22:26,29.63,95.75,0.69,0,0,1,102.53,48.66,0,FALSE
07/04/2025 22:26,29.63,95.75,0.02,0,0,1,102.53,48.66,0,FALSE
07/04/2025 22:26,29.63,95.75,0.02,0,0,1,102.53,48.66,0,FALSE
07/04/2025 22:26,28.46,95.75,0.02,0,0,1,102.53,48.66,0,FALSE
07/04/2025 22:26,28.46,95.67,0.02,0,0,1,102.53,48.66,0,FALSE
07/04/2025 22:26,28.46,95.67,0.75,0,0,1,102.53,48.66,0,FALSE
07/04/2025 22:26,28.46,95.67,0.75,0,0,1,102.48,56.86,0,FALSE
07/04/2025 22:26,28.46,95.67,0.75,0,0,1,102.48,56.86,0,FALSE
07/04/2025 22:26,29.91,95.67,0.75,0,0,1,102.48,56.86,0,FALSE
07/04/2025 22:26,29.91,95.67,0,0,0,1,102.48,56.86,0,FALSE
07/04/2025 22:26,29.91,95.67,0,0.14,0,1,102.48,56.86,0,FALSE
07/04/2025 22:26,29.91,95.67,0,0.14,0,1,102.42,64.99,0,FALSE
07/04/2025 22:26,28.36,95.67,0,0.14,0,1,102.42,64.99,0,FALSE
07/04/2025 22:26,28.36,95.67,0,0.14,0,1,102.42,64.99,0,FALSE
07/04/2025 22:26,28.36,95.6,0,0.14,0,1,102.42,64.99,0,FALSE
07/04/2025 22:26,28.36,95.6,0.77,0.14,0,1,102.42,64.99,0,FALSE
07/04/2025 22:26,28.36,95.6,0.77,0,0,1,102.42,64.99,0,FALSE
07/04/2025 22:26,28.36,95.6,0.77,0,0,1,102.37,73.25,0,FALSE
07/04/2025 22:26,29.93,95.6,0.77,0,0,1,102.37,73.25,0,FALSE
07/04/2025 22:26,29.93,95.6,0.77,0,0,1,102.37,73.25,0,FALSE
07/04/2025 22:26,29.93,95.6,0,0,0,1,102.37,73.25,0,FALSE
07/04/2025 22:26,29.93,95.6,0,0.16,0,1,102.37,73.25,0,FALSE
07/04/2025 22:26,29.93,95.6,0,0.16,0,1,102.31,81.44,0,FALSE
07/04/2025 22:26,28.06,95.6,0,0.16,0,1,102.31,81.44,0,FALSE
07/04/2025 22:26,28.06,95.51,0,0.16,0,1,102.31,81.44,0,FALSE
07/04/2025 22:26,28.06,95.51,0,0.16,0,1,102.31,81.44,0,FALSE
07/04/2025 22:26,28.06,95.51,0.84,0.16,0,1,102.31,81.44,0,FALSE
07/04/2025 22:26,28.06,95.51,0.84,0,0,1,102.31,81.44,0,FALSE
07/04/2025 22:26,28.06,95.51,0.84,0,0,1,102.24,89.67,0,FALSE
07/04/2025 22:26,29.86,95.51,0.84,0,0,1,102.24,89.67,0,FALSE
07/04/2025 22:26,29.86,95.51,0.84,0,0,1,102.24,89.67,0,FALSE
07/04/2025 22:26,29.86,95.51,0,0,0,1,102.24,89.67,0,FALSE
07/04/2025 22:26,29.86,95.51,0,0.03,0,1,102.24,89.67,0,FALSE
07/04/2025 22:26,29.86,95.51,0,0.03,0.04,1,102.24,89.67,0,FALSE
07/04/2025 22:26,29.86,95.51,0,0.03,0.04,1,101.66,97.87,0,FALSE
07/04/2025 22:26,29.04,95.51,0,0.03,0.04,1,101.66,97.87,0,FALSE
07/04/2025 22:26,29.04,95.51,0,0.03,0.04,1,101.66,97.87,0,FALSE
07/04/2025 22:26,29.04,95.46,0,0.03,0.04,1,101.66,97.87,0,FALSE
07/04/2025 22:26,29.04,95.46,0.53,0.03,0.04,1,101.66,97.87,0,FALSE
07/04/2025 22:26,29.04,95.46,0.53,0,0.04,1,101.66,97.87,0,FALSE
07/04/2025 22:26,29.04,95.46,0.53,0,0.03,1,101.66,97.87,0,FALSE
07/04/2025 22:26,29.04,95.46,0.53,0,0.03,1,99.89,105.84,0,FALSE
07/04/2025 22:26,28.75,95.46,0.53,0,0.03,1,99.89,105.84,0,FALSE
07/04/2025 22:26,28.75,95.46,0.53,0,0.03,1,99.89,105.84,0,FALSE
07/04/2025 22:26,28.75,95.42,0.53,0,0.03,1,99.89,105.84,0,FALSE
07/04/2025 22:26,28.75,95.42,0.41,0,0.03,1,99.89,105.84,0,FALSE
07/04/2025 22:26,28.75,95.42,0.41,0,0.08,1,99.89,105.84,0,FALSE
07/04/2025 22:26,28.75,95.42,0.41,0,0.08,1,96.73,113.44,0,FALSE
07/04/2025 22:26,29.41,95.42,0.41,0,0.08,1,96.73,113.44,0,FALSE
07/04/2025 22:26,29.41,95.42,0.41,0,0.08,1,96.73,113.44,0,FALSE
07/04/2025 22:26,29.41,95.39,0.41,0,0.08,1,96.73,113.44,0,FALSE
07/04/2025 22:26,29.41,95.39,0.28,0,0.08,1,96.73,113.44,0,FALSE
07/04/2025 22:26,29.41,95.39,0.28,0,0.05,1,96.73,113.44,0,FALSE
07/04/2025 22:26,29.41,95.39,0.28,0,0.05,1,92.35,120.3,0,FALSE
07/04/2025 22:26,29.01,95.39,0.28,0,0.05,1,92.35,120.3,0,FALSE
07/04/2025 22:26,29.01,95.35,0.28,0,0.05,1,92.35,120.3,0,FALSE
07/04/2025 22:26,29.01,95.35,0.28,0,0.05,1,92.35,120.3,0,FALSE
07/04/2025 22:26,29.01,95.35,0.44,0,0.05,1,92.35,120.3,0,FALSE
07/04/2025 22:26,29.01,95.35,0.44,0,0.12,1,92.35,120.3,0,FALSE
07/04/2025 22:26,29.01,95.35,0.44,0,0.12,1,86.62,126.2,0,FALSE
07/04/2025 22:26,29.09,95.35,0.44,0,0.12,1,86.62,126.2,0,FALSE
07/04/2025 22:26,29.09,95.35,0.44,0,0.12,1,86.62,126.2,0,FALSE
07/04/2025 22:26,29.09,95.31,0.44,0,0.12,1,86.62,126.2,0,FALSE
07/04/2025 22:26,29.09,95.31,0.33,0,0.12,1,86.62,126.2,0,FALSE
07/04/2025 22:26,29.09,95.31,0.33,0,0.09,1,86.62,126.2,0,FALSE
07/04/2025 22:26,29.09,95.31,0.33,0,0.09,1,79.78,130.56,0,FALSE
07/04/2025 22:26,28.96,95.31,0.33,0,0.09,1,79.78,130.56,0,FALSE
07/04/2025 22:26,28.96,95.31,0.33,0,0.09,1,79.78,130.56,0,FALSE
07/04/2025 22:26,28.96,95.27,0.33,0,0.09,1,79.78,130.56,0,FALSE
07/04/2025 22:26,28.96,95.27,0.49,0,0.09,1,79.78,130.56,0,FALSE
07/04/2025 22:26,28.96,95.27,0.49,0,0.13,1,79.78,130.56,0,FALSE
07/04/2025 22:26,28.96,95.27,0.49,0,0.13,1,72.03,133.21,0,FALSE
07/04/2025 22:26,29.16,95.27,0.49,0,0.13,1,72.03,133.21,0,FALSE
07/04/2025 22:26,29.16,95.27,0.49,0,0.13,1,72.03,133.21,0,FALSE
07/04/2025 22:26,29.16,95.24,0.49,0,0.13,1,72.03,133.21,0,FALSE
07/04/2025 22:26,29.16,95.24,0.24,0,0.13,1,72.03,133.21,0,FALSE
07/04/2025 22:26,29.16,95.24,0.24,0,0.09,1,72.03,133.21,0,FALSE
07/04/2025 22:26,29.16,95.24,0.24,0,0.09,1,63.86,134.02,0,FALSE
07/04/2025 22:26,29.11,95.24,0.24,0,0.09,1,63.86,134.02,0,FALSE
07/04/2025 22:26,29.11,95.24,0.24,0,0.09,1,63.86,134.02,0,FALSE
07/04/2025 22:26,29.11,95.2,0.24,0,0.09,1,63.86,134.02,0,FALSE
07/04/2025 22:26,29.11,95.2,0.41,0,0.09,1,63.86,134.02,0,FALSE
07/04/2025 22:26,29.11,95.2,0.41,0,0.01,1,63.86,134.02,0,FALSE
07/04/2025 22:26,29.11,95.2,0.41,0,0.01,1,55.67,134.12,0,FALSE
07/04/2025 22:26,28.99,95.2,0.41,0,0.01,1,55.67,134.12,0,FALSE
07/04/2025 22:26,28.99,95.2,0.41,0,0.01,1,55.67,134.12,0,FALSE
07/04/2025 22:26,28.99,95.17,0.41,0,0.01,1,55.67,134.12,0,FALSE
07/04/2025 22:26,28.99,95.17,0.34,0,0.01,1,55.67,134.12,0,FALSE
07/04/2025 22:26,28.99,95.17,0.34,0,0,1,55.67,134.12,0,FALSE
07/04/2025 22:26,28.99,95.17,0.34,0,0,1,47.44,134.11,0,FALSE
07/04/2025 22:26,29.23,95.17,0.34,0,0,1,47.44,134.11,0,FALSE
07/04/2025 22:26,29.23,95.13,0.34,0,0,1,47.44,134.11,0,FALSE
07/04/2025 22:26,29.23,95.13,0.34,0,0,1,47.44,134.11,0,FALSE
07/04/2025 22:26,29.23,95.13,0.32,0,0,1,47.44,134.11,0,FALSE
07/04/2025 22:26,29.09,95.13,0.32,0,0,1,47.44,134.11,0,FALSE
07/04/2025 22:26,29.09,95.13,0.32,0,0,1,39.4,134.07,0,FALSE
07/04/2025 22:26,29.09,95.1,0.32,0,0,1,39.4,134.07,0,FALSE
07/04/2025 22:26,29.09,95.1,0.32,0,0,1,39.4,134.07,0,FALSE
07/04/2025 22:26,29.09,95.1,0.36,0,0,1,39.4,134.07,0,FALSE
07/04/2025 22:26,29.09,95.1,0.36,0,0,1,31.18,134.03,0,FALSE
07/04/2025 22:26,29.07,95.1,0.36,0,0,1,31.18,134.03,0,FALSE
07/04/2025 22:26,29.07,95.1,0.36,0,0,1,31.18,134.03,0,FALSE
07/04/2025 22:26,29.07,95.06,0.36,0,0,1,31.18,134.03,0,FALSE
07/04/2025 22:26,29.07,95.06,0.37,0,0,1,31.18,134.03,0,FALSE
07/04/2025 22:26,29.07,95.06,0.37,0,0,1,22.89,133.98,0,FALSE
07/04/2025 22:26,29.13,95.06,0.37,0,0,1,22.89,133.98,0,FALSE
07/04/2025 22:26,29.13,95.03,0.37,0,0,1,22.89,133.98,0,FALSE
07/04/2025 22:26,29.13,95.03,0.37,0,0,1,22.89,133.98,0,FALSE
07/04/2025 22:26,29.13,95.03,0.33,0,0,1,22.89,133.98,0,FALSE
07/04/2025 22:26,29.13,95.03,0.33,0,0,1,14.8,133.91,0,FALSE
07/04/2025 22:26,29.1,95.03,0.33,0,0,1,14.8,133.91,0,FALSE
07/04/2025 22:26,29.1,95.03,0.33,0,0,1,14.8,133.91,0,FALSE
07/04/2025 22:26,29.1,94.99,0.33,0,0,1,14.8,133.91,0,FALSE
07/04/2025 22:26,29.1,94.99,0.37,0,0,1,14.8,133.91,0,FALSE
07/04/2025 22:26,29.1,94.99,0.37,0,0,1,6.49,133.79,0,FALSE
07/04/2025 22:26,28.99,94.99,0.37,0,0,1,6.49,133.79,0,FALSE
07/04/2025 22:26,28.99,94.99,0.37,0,0,1,6.49,133.79,0,FALSE
07/04/2025 22:26,28.99,94.95,0.37,0,0,1,6.49,133.79,0,FALSE
07/04/2025 22:26,28.99,94.95,0.39,0,0,1,6.49,133.79,0,FALSE
07/04/2025 22:26,28.99,94.95,0.39,0,0,1,-1.68,133.71,0,FALSE
07/04/2025 22:26,28.58,94.95,0.39,0,0,1,-1.68,133.71,0,FALSE
07/04/2025 22:26,28.58,94.95,0.39,0,0,1,-1.68,133.71,0,FALSE
07/04/2025 22:26,28.58,94.94,0.39,0,0,1,-1.68,133.71,0,FALSE
07/04/2025 22:26,28.58,94.94,0.08,0,0,1,-1.68,133.71,0,FALSE
07/04/2025 22:26,28.58,94.94,0.08,0,0,1,-9.08,133.66,0,FALSE
07/04/2025 22:26,24.42,94.94,0.08,0,0,1,-9.08,133.66,0,FALSE
07/04/2025 22:26,24.42,94.94,0.08,0,0,1,-9.08,133.66,0,FALSE
07/04/2025 22:26,24.42,94.91,0.08,0,0,1,-9.08,133.66,0,FALSE
07/04/2025 22:26,24.42,94.91,0.37,0,0,1,-9.08,133.66,0,FALSE
07/04/2025 22:26,24.42,94.91,0.37,0,0,1,-15.51,133.62,0,FALSE
07/04/2025 22:26,24.42,94.91,0.37,0,0,1,-15.51,133.62,0,FALSE
07/04/2025 22:26,21.33,94.91,0.37,0,0,1,-15.51,133.62,0,FALSE
07/04/2025 22:26,21.33,94.9,0.37,0,0,1,-15.51,133.62,0,FALSE
07/04/2025 22:26,21.33,94.9,0.08,0,0,1,-15.51,133.62,0,FALSE
07/04/2025 22:26,21.33,94.9,0.08,0,0,1,-20.39,133.59,0,FALSE
07/04/2025 22:26,0,94.9,0.08,0,0,1,-20.39,133.59,0,FALSE
07/04/2025 22:26,0,94.9,0.08,0,0,1,-20.39,133.59,0,FALSE
07/04/2025 22:26,0,94.9,0,0,0,1,-20.39,133.59,0,FALSE
07/04/2025 22:26,0,94.9,0,1,0,1,-20.39,133.59,0,FALSE
07/04/2025 22:26,0,94.9,0,1,0,1,-20.39,133.59,0,FALSE
07/04/2025 22:26,0,94.9,0,1,0,1,-20.39,133.59,0,FALSE
07/04/2025 22:26,0,94.9,0,1,0,1,-20.39,133.59,0,FALSE
07/04/2025 22:26,0,94.9,0,1,0,1,-20.39,133.59,0,FALSE
07/04/2025 22:26,0,94.9,0,1,0,1,-20.39,133.59,0,FALSE
07/04/2025 22:26,0,94.9,0,1,0,1,-20.39,133.59,0,FALSE
07/04/2025 22:26,0,94.9,0,1,0,1,-20.39,133.59,0,FALSE
07/04/2025 22:26,0,94.9,0,1,0,1,-20.39,133.59,0,FALSE
07/04/2025 22:26,0,94.9,0,1,0,1,-20.39,133.59,0,FALSE
07/04/2025 22:26,0,94.9,0,1,0,1,-20.39,133.59,0,FALSE
07/04/2025 22:26,0,94.9,0,1,0,1,-20.39,133.59,0,FALSE
07/04/2025 22:26,0,94.9,0,1,0,1,-20.39,133.59,0,FALSE
07/04/2025 22:26,0,94.9,0,1,0,1,-20.39,133.59,0,FALSE
07/04/2025 22:26,0,94.9,0,1,0,1,-20.39,133.59,0,FALSE
07/04/2025 22:26,0,94.9,0,1,0,1,-20.39,133.59,0,FALSE
07/04/2025 22:26,0,94.9,0,1,0,1,-20.39,133.59,0,FALSE
07/04/2025 22:26,0,94.9,0,1,0,1,-20.39,133.59,0,FALSE
07/04/2025 22:26,0,94.9,0,1,0,1,-20.39,133.59,0,FALSE
07/04/2025 22:26,0,94.9,0,1,0,1,-20.39,133.59,0,FALSE
07/04/2025 22:26,0,94.9,0,1,0,1,-20.39,133.59,0,FALSE
07/04/2025 22:26,0,94.9,0,1,0,1,-20.39,133.59,0,FALSE
07/04/2025 22:26,0,94.9,0,1,0,1,-20.39,133.59,0,FALSE
07/04/2025 22:26,0,94.9,0,1,0,1,-20.39,133.59,0,FALSE
07/04/2025 22:27,0,94.9,0,1,0,1,-20.39,133.59,0,FALSE
07/04/2025 22:27,0,94.9,0,1,0,1,-21.12,133.58,0,FALSE
07/04/2025 22:27,10.47,94.9,0,1,0,1,-21.12,133.58,0,FALSE
07/04/2025 22:27,10.47,94.9,0,1,0,1,-21.12,133.58,0,FALSE
07/04/2025 22:27,10.47,94.81,0,1,0,1,-21.12,133.58,0,FALSE
07/04/2025 22:27,10.47,94.81,0.85,1,0,1,-21.12,133.58,0,FALSE
07/04/2025 22:27,10.47,94.81,0.85,0,0,1,-21.12,133.58,0,FALSE
07/04/2025 22:27,10.47,94.81,0.85,0,0,1,-25.71,133.55,0,FALSE
07/04/2025 22:27,16.19,94.81,0.85,0,0,1,-25.71,133.55,0,FALSE
07/04/2025 22:27,16.19,94.81,0.85,0,0,1,-25.71,133.55,0,FALSE
07/04/2025 22:27,16.19,94.76,0.85,0,0,1,-25.71,133.55,0,FALSE
07/04/2025 22:27,16.19,94.76,0.55,0,0,1,-25.71,133.55,0,FALSE
07/04/2025 22:27,16.19,94.76,0.55,0,0,1,-30.13,133.53,0,FALSE
07/04/2025 22:27,17.37,94.76,0.55,0,0,1,-30.13,133.53,0,FALSE
07/04/2025 22:27,17.37,94.76,0.55,0,0,1,-30.13,133.53,0,FALSE
07/04/2025 22:27,17.37,94.67,0.55,0,0,1,-30.13,133.53,0,FALSE
07/04/2025 22:27,17.37,94.67,0.85,0,0,1,-30.13,133.53,0,FALSE
07/04/2025 22:27,17.37,94.67,0.85,0,0,1,-37.44,133.48,0,FALSE
07/04/2025 22:27,29.14,94.67,0.85,0,0,1,-37.44,133.48,0,FALSE
07/04/2025 22:27,29.14,94.67,0.85,0,0,1,-37.44,133.48,0,FALSE
07/04/2025 22:27,29.14,94.67,0,0,0,1,-37.44,133.48,0,FALSE
07/04/2025 22:27,29.14,94.67,0,0.15,0,1,-37.44,133.48,0,FALSE
07/04/2025 22:27,29.14,94.67,0,0.15,0,1,-45.46,133.43,0,FALSE
07/04/2025 22:27,29.04,94.67,0,0.15,0,1,-45.46,133.43,0,FALSE
07/04/2025 22:27,29.04,94.67,0,0.15,0,1,-45.46,133.43,0,FALSE
07/04/2025 22:27,29.04,94.61,0,0.15,0,1,-45.46,133.43,0,FALSE
07/04/2025 22:27,29.04,94.61,0.67,0.15,0,1,-45.46,133.43,0,FALSE
07/04/2025 22:27,29.04,94.61,0.67,0,0,1,-45.46,133.43,0,FALSE
07/04/2025 22:27,29.04,94.61,0.67,0,0,1,-53.68,133.38,0,FALSE
07/04/2025 22:27,29.03,94.61,0.67,0,0,1,-53.68,133.38,0,FALSE
07/04/2025 22:27,29.03,94.61,0.67,0,0,1,-53.68,133.38,0,FALSE
07/04/2025 22:27,29.03,94.59,0.67,0,0,1,-53.68,133.38,0,FALSE
07/04/2025 22:27,29.03,94.59,0.13,0,0,1,-53.68,133.38,0,FALSE
07/04/2025 22:27,29.03,94.59,0.13,0,0,1,-61.87,133.23,0,FALSE
07/04/2025 22:27,29.37,94.59,0.13,0,0,1,-61.87,133.23,0,FALSE
07/04/2025 22:27,29.37,94.59,0.13,0,0,1,-61.87,133.23,0,FALSE
07/04/2025 22:27,29.37,94.53,0.13,0,0,1,-61.87,133.23,0,FALSE
07/04/2025 22:27,29.37,94.53,0.63,0,0,1,-61.87,133.23,0,FALSE
07/04/2025 22:27,29.37,94.53,0.63,0,0.02,1,-61.87,133.23,0,FALSE
07/04/2025 22:27,29.37,94.53,0.63,0,0.02,1,-70.06,132.43,0,FALSE
07/04/2025 22:27,29.02,94.53,0.63,0,0.02,1,-70.06,132.43,0,FALSE
07/04/2025 22:27,29.02,94.53,0.63,0,0.02,1,-70.06,132.43,0,FALSE
07/04/2025 22:27,29.02,94.52,0.63,0,0.02,1,-70.06,132.43,0,FALSE
07/04/2025 22:27,29.02,94.52,0.14,0,0.02,1,-70.06,132.43,0,FALSE
07/04/2025 22:27,29.02,94.52,0.14,0,0.14,1,-70.06,132.43,0,FALSE
07/04/2025 22:27,29.02,94.52,0.14,0,0.14,1,-77.78,130.01,0,FALSE
07/04/2025 22:27,29.72,94.52,0.14,0,0.14,1,-77.78,130.01,0,FALSE
07/04/2025 22:27,29.72,94.52,0.14,0,0.14,1,-77.78,130.01,0,FALSE
07/04/2025 22:27,29.72,94.49,0.14,0,0.14,1,-77.78,130.01,0,FALSE
07/04/2025 22:27,29.72,94.49,0.3,0,0.14,1,-77.78,130.01,0,FALSE
07/04/2025 22:27,29.72,94.49,0.3,0,0.06,1,-77.78,130.01,0,FALSE
07/04/2025 22:27,29.72,94.49,0.3,0,0.06,1,-85.01,126.05,0,FALSE
07/04/2025 22:27,28.2,94.49,0.3,0,0.06,1,-85.01,126.05,0,FALSE
07/04/2025 22:27,28.2,94.49,0.3,0,0.06,1,-85.01,126.05,0,FALSE
07/04/2025 22:27,28.2,94.43,0.3,0,0.06,1,-85.01,126.05,0,FALSE
07/04/2025 22:27,28.2,94.43,0.53,0,0.06,1,-85.01,126.05,0,FALSE
07/04/2025 22:27,28.2,94.43,0.53,0,0.04,1,-85.01,126.05,0,FALSE
07/04/2025 22:27,28.2,94.43,0.53,0,0.04,1,-91.12,120.87,0,FALSE
07/04/2025 22:27,30.15,94.43,0.53,0,0.04,1,-91.12,120.87,0,FALSE
07/04/2025 22:27,30.15,94.43,0.53,0,0.04,1,-91.12,120.87,0,FALSE
07/04/2025 22:27,30.15,94.43,0.05,0,0.04,1,-91.12,120.87,0,FALSE
07/04/2025 22:27,30.15,94.43,0.05,0,0.07,1,-91.12,120.87,0,FALSE
07/04/2025 22:27,30.15,94.43,0.05,0,0.07,1,-96.21,114.37,0,FALSE
07/04/2025 22:27,28.03,94.43,0.05,0,0.07,1,-96.21,114.37,0,FALSE
07/04/2025 22:27,28.03,94.43,0.05,0,0.07,1,-96.21,114.37,0,FALSE
07/04/2025 22:27,28.03,94.38,0.05,0,0.07,1,-96.21,114.37,0,FALSE
07/04/2025 22:27,28.03,94.38,0.5,0,0.07,1,-96.21,114.37,0,FALSE
07/04/2025 22:27,28.03,94.38,0.5,0,0.07,1,-100.28,107.26,0,FALSE
07/04/2025 22:27,30.2,94.38,0.5,0,0.07,1,-100.28,107.26,0,FALSE
07/04/2025 22:27,30.2,94.38,0.5,0,0.07,1,-100.28,107.26,0,FALSE
07/04/2025 22:27,30.2,94.38,0,0,0.07,1,-100.28,107.26,0,FALSE
07/04/2025 22:27,30.2,94.38,0,0.04,0.07,1,-100.28,107.26,0,FALSE
07/04/2025 22:27,30.2,94.38,0,0.04,0.08,1,-100.28,107.26,0,FALSE
07/04/2025 22:27,30.2,94.38,0,0.04,0.08,1,-103.42,99.7,0,FALSE
07/04/2025 22:27,28.11,94.38,0,0.04,0.08,1,-103.42,99.7,0,FALSE
07/04/2025 22:27,28.11,94.31,0,0.04,0.08,1,-103.42,99.7,0,FALSE
07/04/2025 22:27,28.11,94.31,0,0.04,0.08,1,-103.42,99.7,0,FALSE
07/04/2025 22:27,28.11,94.31,0.7,0.04,0.08,1,-103.42,99.7,0,FALSE
07/04/2025 22:27,28.11,94.31,0.7,0,0.08,1,-103.42,99.7,0,FALSE
07/04/2025 22:27,28.11,94.31,0.7,0,0.01,1,-103.42,99.7,0,FALSE
07/04/2025 22:27,28.11,94.31,0.7,0,0.01,1,-105.68,91.88,0,FALSE
07/04/2025 22:27,30.02,94.31,0.7,0,0.01,1,-105.68,91.88,0,FALSE
07/04/2025 22:27,30.02,94.31,0.7,0,0.01,1,-105.68,91.88,0,FALSE
07/04/2025 22:27,30.02,94.3,0.7,0,0.01,1,-105.68,91.88,0,FALSE
07/04/2025 22:27,30.02,94.3,0.04,0,0.01,1,-105.68,91.88,0,FALSE
07/04/2025 22:27,30.02,94.3,0.04,0,0.04,1,-105.68,91.88,0,FALSE
07/04/2025 22:27,30.02,94.3,0.04,0,0.04,1,-107.01,83.85,0,FALSE
07/04/2025 22:27,28.02,94.3,0.04,0,0.04,1,-107.01,83.85,0,FALSE
07/04/2025 22:27,28.02,94.3,0.04,0,0.04,1,-107.01,83.85,0,FALSE
07/04/2025 22:27,28.02,94.24,0.04,0,0.04,1,-107.01,83.85,0,FALSE
07/04/2025 22:27,28.02,94.24,0.67,0,0.04,1,-107.01,83.85,0,FALSE
07/04/2025 22:27,28.02,94.24,0.67,0,0.08,1,-107.01,83.85,0,FALSE
07/04/2025 22:27,28.02,94.24,0.67,0,0.08,1,-107.44,75.6,0,FALSE
07/04/2025 22:27,29.67,94.24,0.67,0,0.08,1,-107.44,75.6,0,FALSE
07/04/2025 22:27,29.67,94.24,0.67,0,0.08,1,-107.44,75.6,0,TRUE
07/04/2025 22:27,29.67,94.24,0,0,0.08,1,-107.44,75.6,0,TRUE
07/04/2025 22:27,29.67,94.24,0,0,0.01,1,-107.44,75.6,0,TRUE
07/04/2025 22:27,29.67,94.24,0,0,0.01,1,-107.47,67.72,0,TRUE
07/04/2025 22:27,26.33,94.24,0,0,0.01,1,-107.47,67.72,0,TRUE
07/04/2025 22:27,26.33,94.24,0,0,0.01,1,-107.47,67.72,0,TRUE
07/04/2025 22:27,26.33,94.19,0,0,0.01,1,-107.47,67.72,0,TRUE
07/04/2025 22:27,26.33,94.19,0.51,0,0.01,1,-107.47,67.72,0,TRUE
07/04/2025 22:27,26.33,94.19,0.51,0,0,1,-107.47,67.72,0,TRUE
07/04/2025 22:27,26.33,94.19,0.51,0,0,1,-107.41,60.63,0,TRUE
07/04/2025 22:27,23.13,94.19,0.51,0,0,1,-107.41,60.63,0,TRUE
07/04/2025 22:27,23.13,94.19,0.51,0,0,1,-107.41,60.63,0,TRUE
07/04/2025 22:27,23.13,94.18,0.51,0,0,1,-107.41,60.63,0,TRUE
07/04/2025 22:27,23.13,94.18,0.03,0,0,1,-107.41,60.63,0,TRUE
07/04/2025 22:27,20.14,94.18,0.03,0,0,1,-107.41,60.63,0,TRUE
07/04/2025 22:27,20.14,94.18,0.03,0,0,1,-107.35,54.64,0,TRUE
07/04/2025 22:27,20.14,94.18,0.03,0,0,1,-107.35,54.64,0,TRUE
07/04/2025 22:27,20.14,94.12,0.03,0,0,1,-107.35,54.64,0,TRUE
07/04/2025 22:27,20.14,94.12,0.59,0,0,1,-107.35,54.64,0,TRUE
07/04/2025 22:27,20.14,94.12,0.59,0,0,1,-107.3,50.24,0,TRUE
07/04/2025 22:27,8.38,94.12,0.59,0,0,1,-107.3,50.24,0,TRUE
07/04/2025 22:27,8.38,94.12,0.59,0,0,1,-107.3,50.24,0,TRUE
07/04/2025 22:27,8.38,94.12,0,0,0,1,-107.3,50.24,0,TRUE
07/04/2025 22:27,8.38,94.12,0,1,0,1,-107.3,50.24,0,TRUE
07/04/2025 22:27,20.78,94.12,0,1,0,1,-107.3,50.24,0,TRUE
07/04/2025 22:27,20.78,96.08,0,1,0,1,-107.3,50.24,0,TRUE
07/04/2025 22:27,20.78,96.08,0,1,0,1,-107.3,49.9,0,TRUE
07/04/2025 22:27,20.78,96.08,0,1,0,1,-107.3,49.9,0,TRUE
07/04/2025 22:27,20.78,96.08,0,0,0,1,-107.3,49.9,0,TRUE
07/04/2025 22:27,13.87,96.08,0,0,0,1,-107.3,49.9,0,TRUE
07/04/2025 22:27,0,96.08,0,0,0,1,-107.3,49.9,0,TRUE
07/04/2025 22:27,0,94.12,0,0,0,1,-107.3,49.9,0,TRUE
07/04/2025 22:27,0,94.12,0,0,0,1,-107.3,49.9,0,TRUE
07/04/2025 22:27,0,94.12,0,1,0,1,-107.3,49.9,0,TRUE
07/04/2025 22:27,0,94.12,0,1,0,1,-107.3,49.9,0,TRUE
07/04/2025 22:27,0,96.08,0,1,0,1,-107.3,49.9,0,TRUE
07/04/2025 22:27,0,96.08,0,1,0,1,-107.3,49.9,0,TRUE
07/04/2025 22:27,0,96.08,0,1,0,1,-107.3,49.9,0,TRUE
07/04/2025 22:27,0,94.12,0,1,0,1,-107.3,49.9,0,TRUE
07/04/2025 22:27,0,96.08,0,1,0,1,-107.3,49.9,0,TRUE
07/04/2025 22:27,0,96.08,0,1,0,1,-107.3,49.9,0,TRUE
07/04/2025 22:27,0,96.08,0,1,0,1,-107.3,49.9,0,TRUE
07/04/2025 22:27,0,94.12,0,1,0,1,-107.3,49.9,0,TRUE
07/04/2025 22:27,0,94.12,0,1,0,1,-107.3,49.9,0,TRUE
07/04/2025 22:27,0,96.08,0,1,0,1,-107.3,49.9,0,TRUE
07/04/2025 22:27,0,96.08,0,1,0,1,-107.3,49.9,0,TRUE
07/04/2025 22:27,0,94.12,0,1,0,1,-107.3,49.9,0,TRUE
07/04/2025 22:27,0,94.12,0,1,0,1,-107.3,49.9,0,TRUE
07/04/2025 22:27,0,94.12,0,1,0,1,-107.3,49.9,0,TRUE
07/04/2025 22:27,0,96.08,0,1,0,1,-107.3,49.9,0,TRUE
07/04/2025 22:27,0,96.08,0,1,0,1,-107.3,49.9,0,TRUE
07/04/2025 22:27,0,96.08,0,1,0,1,-107.3,49.9,0,TRUE
07/04/2025 22:27,0,94.12,0,1,0,1,-107.3,49.9,0,TRUE
07/04/2025 22:27,0,94.12,0,1,0,1,-107.3,49.9,0,TRUE
07/04/2025 22:27,0,96.08,0,1,0,1,-107.3,49.9,0,TRUE
07/04/2025 22:27,0,96.08,0,1,0,1,-107.3,49.9,0,TRUE
07/04/2025 22:27,0,94.12,0,1,0,1,-107.3,49.9,0,TRUE
07/04/2025 22:27,0,94.12,0,1,0,1,-107.3,49.9,0,TRUE
07/04/2025 22:27,0,94.12,0,1,0,1,-107.3,49.9,0,TRUE
07/04/2025 22:27,0,96.08,0,1,0,1,-107.3,49.9,0,TRUE
07/04/2025 22:27,0,96.08,0,1,0,1,-107.28,48.04,0,TRUE
07/04/2025 22:27,0,94.12,0,1,0,1,-107.28,48.04,0,TRUE
07/04/2025 22:27,0,94.12,0,1,0,1,-107.28,48.04,0,TRUE
07/04/2025 22:27,0,96.08,0,1,0,1,-107.28,48.04,0,TRUE
07/04/2025 22:27,0,96.08,0,1,0,1,-107.23,43.25,0,TRUE
07/04/2025 22:27,0,96.08,0,1,0,1,-107.23,43.25,0,TRUE
07/04/2025 22:27,0,94.12,0,1,0,1,-107.23,43.25,0,TRUE
07/04/2025 22:27,0,94.12,0,1,0,1,-107.15,36.66,0,TRUE
07/04/2025 22:27,0,96.08,0,1,0,1,-107.15,36.66,0,TRUE
07/04/2025 22:27,0,96.08,0,1,0,1,-107.15,36.66,0,TRUE
07/04/2025 22:27,0,94.12,0,1,0,1,-107.15,36.66,0,TRUE
07/04/2025 22:27,0,94.12,0,1,0,1,-107.06,28.42,0,TRUE
07/04/2025 22:27,0,94.12,0,1,0,1,-107.06,28.42,0,TRUE
07/04/2025 22:27,0,96.08,0,1,0,1,-107.06,28.42,0,TRUE
07/04/2025 22:27,16.5,96.08,0,1,0,1,-107.06,28.42,0,TRUE
07/04/2025 22:27,16.5,96.08,0,1,0,1,-106.97,20.28,0,TRUE
07/04/2025 22:27,16.5,96.08,0,1,0,1,-106.97,20.28,0,TRUE
07/04/2025 22:27,16.5,94.04,0,1,0,1,-106.97,20.28,0,TRUE
07/04/2025 22:27,16.5,94.04,0.85,1,0,1,-106.97,20.28,0,TRUE
07/04/2025 22:27,16.5,94.04,0.85,0,0,1,-106.97,20.28,0,TRUE
07/04/2025 22:27,16.5,96.08,0.85,0,0,1,-106.97,20.28,0,TRUE
07/04/2025 22:27,16.5,96.08,0,0,0,1,-106.97,20.28,0,TRUE
07/04/2025 22:27,16.5,96.08,0,1,0,1,-106.97,20.28,0,TRUE
07/04/2025 22:27,16.5,96.08,0,1,0,1,-106.88,12.04,0,TRUE
07/04/2025 22:27,16.5,96.08,0,1,0,1,-106.88,12.04,0,TRUE
07/04/2025 22:27,0,96.08,0,1,0,1,-106.88,12.04,0,TRUE
07/04/2025 22:27,18.21,96.08,0,1,0,1,-106.88,12.04,0,TRUE
07/04/2025 22:27,18.21,93.95,0,1,0,1,-106.88,12.04,0,TRUE
07/04/2025 22:27,18.21,93.95,0,1,0,1,-106.78,3.91,0,TRUE
07/04/2025 22:27,18.21,93.95,0.85,1,0,1,-106.78,3.91,0,TRUE
07/04/2025 22:27,18.21,93.95,0.85,1,0,1,-106.78,3.91,0,TRUE
07/04/2025 22:27,18.21,93.95,0.85,0,0,1,-106.78,3.91,0,TRUE
07/04/2025 22:27,0,93.95,0.85,0,0,1,-106.78,3.91,0,TRUE
07/04/2025 22:27,0,96.08,0.85,0,0,1,-106.78,3.91,0,TRUE
07/04/2025 22:27,0,96.08,0,0,0,1,-106.78,3.91,0,TRUE
07/04/2025 22:27,0,96.08,0,0,0,1,-106.69,-4.39,0,TRUE
07/04/2025 22:27,0,96.08,0,1,0,1,-106.69,-4.39,0,TRUE
07/04/2025 22:27,0,96.08,0,1,0,1,-106.69,-4.39,0,TRUE
07/04/2025 22:27,31.07,96.08,0,1,0,1,-106.69,-4.39,0,TRUE
07/04/2025 22:27,31.07,93.95,0,1,0,1,-106.69,-4.39,0,TRUE
07/04/2025 22:27,31.07,93.95,0,0.41,0,1,-106.69,-4.39,0,TRUE
07/04/2025 22:27,31.07,93.95,0,0.41,0,1,-106.6,-12.52,0,TRUE
07/04/2025 22:27,31.07,93.95,0,0.41,0,1,-106.6,-12.52,0,TRUE
07/04/2025 22:27,0,93.95,0,0.41,0,1,-106.6,-12.52,0,TRUE
07/04/2025 22:27,0,96.08,0,0.41,0,1,-106.6,-12.52,0,TRUE
07/04/2025 22:27,0,96.08,0,1,0,1,-106.6,-12.52,0,TRUE
07/04/2025 22:27,0,96.08,0,1,0,1,-106.44,-20.74,0,TRUE
07/04/2025 22:27,27.96,96.08,0,1,0,1,-106.44,-20.74,0,TRUE
07/04/2025 22:27,27.96,96.08,0,1,0,1,-106.44,-20.74,0,TRUE
07/04/2025 22:27,27.96,93.89,0,1,0,1,-106.44,-20.74,0,TRUE
07/04/2025 22:27,27.96,93.89,0.68,1,0,1,-106.44,-20.74,0,TRUE
07/04/2025 22:27,27.96,93.89,0.68,0,0,1,-106.44,-20.74,0,TRUE
07/04/2025 22:27,27.96,96.08,0.68,0,0,1,-106.44,-20.74,0,TRUE
07/04/2025 22:27,27.96,96.08,0,0,0,1,-106.44,-20.74,0,TRUE
07/04/2025 22:27,27.96,96.08,0,1,0,1,-106.44,-20.74,0,TRUE
07/04/2025 22:27,27.96,96.08,0,1,0,1,-105.69,-28.88,0,TRUE
07/04/2025 22:27,27.96,96.08,0,1,0,1,-105.69,-28.88,0,TRUE
07/04/2025 22:27,0,96.08,0,1,0,1,-105.69,-28.88,0,TRUE
07/04/2025 22:27,30.31,96.08,0,1,0,1,-105.69,-28.88,0,TRUE
07/04/2025 22:27,30.31,93.86,0,1,0,1,-105.69,-28.88,0,TRUE
07/04/2025 22:27,30.31,93.86,0.27,1,0,1,-105.69,-28.88,0,TRUE
07/04/2025 22:27,30.31,93.86,0.27,0,0,1,-105.69,-28.88,0,TRUE
07/04/2025 22:27,30.31,93.86,0.27,0,0,1,-103.54,-36.83,0,TRUE
07/04/2025 22:27,30.31,93.86,0.27,0,0,1,-103.54,-36.83,0,TRUE
07/04/2025 22:27,30.31,93.86,0.27,1,0,1,-103.54,-36.83,0,TRUE
07/04/2025 22:27,0,93.86,0.27,1,0,1,-103.54,-36.83,0,TRUE
07/04/2025 22:27,0,96.08,0.27,1,0,1,-103.54,-36.83,0,TRUE
07/04/2025 22:27,0,96.08,0,1,0,1,-103.54,-36.83,0,TRUE
07/04/2025 22:27,0,96.08,0,1,0,1,-100.04,-44.15,0,TRUE
07/04/2025 22:27,0,96.08,0,1,0,1,-100.04,-44.15,0,TRUE
07/04/2025 22:27,28.23,96.08,0,1,0,1,-100.04,-44.15,0,TRUE
07/04/2025 22:27,28.23,93.82,0,1,0,1,-100.04,-44.15,0,TRUE
07/04/2025 22:27,28.23,93.82,0.38,1,0,1,-100.04,-44.15,0,TRUE
07/04/2025 22:27,28.23,93.82,0.38,0,0,1,-100.04,-44.15,0,TRUE
07/04/2025 22:27,28.23,93.82,0.38,0,0,1,-95.27,-50.62,0,TRUE
07/04/2025 22:27,0,93.82,0.38,0,0,1,-95.27,-50.62,0,TRUE
07/04/2025 22:27,0,93.82,0.38,0,0,1,-95.27,-50.62,0,TRUE
07/04/2025 22:27,0,96.08,0.38,0,0,1,-95.27,-50.62,0,TRUE
07/04/2025 22:27,0,96.08,0,0,0,1,-95.27,-50.62,0,TRUE
07/04/2025 22:27,0,96.08,0,1,0,1,-95.27,-50.62,0,TRUE
07/04/2025 22:27,29.65,96.08,0,1,0,1,-95.27,-50.62,0,TRUE
07/04/2025 22:27,29.65,96.08,0,1,0,1,-89.27,-55.82,0,TRUE
07/04/2025 22:27,29.65,93.76,0,1,0,1,-89.27,-55.82,0,TRUE
07/04/2025 22:27,29.65,93.76,0,1,0,1,-89.27,-55.82,0,TRUE
07/04/2025 22:27,29.65,93.76,0.63,1,0,1,-89.27,-55.82,0,TRUE
07/04/2025 22:27,29.65,93.76,0.63,0,0,1,-89.27,-55.82,0,TRUE
07/04/2025 22:27,29.65,96.08,0.63,0,0,1,-89.27,-55.82,0,TRUE
07/04/2025 22:27,29.65,96.08,0,0,0,1,-89.27,-55.82,0,TRUE
07/04/2025 22:27,29.65,96.08,0,1,0,1,-89.27,-55.82,0,TRUE
07/04/2025 22:27,29.65,96.08,0,1,0,1,-83.11,-59.07,0,TRUE
07/04/2025 22:27,29.65,96.08,0,1,0,1,-83.11,-59.07,0,TRUE
07/04/2025 22:27,0,96.08,0,1,0,1,-83.11,-59.07,0,TRUE
07/04/2025 22:27,28.97,96.08,0,1,0,1,-83.11,-59.07,0,TRUE
07/04/2025 22:27,28.97,93.74,0,1,0,1,-83.11,-59.07,0,TRUE
07/04/2025 22:27,28.97,93.74,0.16,1,0,1,-83.11,-59.07,0,TRUE
07/04/2025 22:27,28.97,93.74,0.16,0,0,1,-83.11,-59.07,0,TRUE
07/04/2025 22:27,28.97,93.74,0.16,0,0,1,-77.2,-60.8,0,TRUE
07/04/2025 22:27,28.97,93.74,0.16,0,0,1,-77.2,-60.8,0,TRUE
07/04/2025 22:27,28.97,93.74,0.16,1,0,1,-77.2,-60.8,0,TRUE
07/04/2025 22:27,0,93.74,0.16,1,0,1,-77.2,-60.8,0,TRUE
07/04/2025 22:27,0,96.08,0.16,1,0,1,-77.2,-60.8,0,TRUE
07/04/2025 22:27,0,96.08,0,1,0,1,-77.2,-60.8,0,TRUE
07/04/2025 22:27,0,96.08,0,1,0,1,-71.98,-61.38,0,TRUE
07/04/2025 22:27,0,96.08,0,1,0,1,-71.98,-61.38,0,TRUE
07/04/2025 22:27,28.23,96.08,0,1,0,1,-71.98,-61.38,0,TRUE
07/04/2025 22:27,28.23,93.66,0,1,0,1,-71.98,-61.38,0,TRUE
07/04/2025 22:27,28.23,93.66,0.85,1,0,1,-71.98,-61.38,0,TRUE
07/04/2025 22:27,28.23,93.66,0.85,0,0,1,-71.98,-61.38,0,TRUE
07/04/2025 22:27,28.23,93.66,0.85,0,0,1,-69.96,-61.46,0,TRUE
07/04/2025 22:27,0,93.66,0.85,0,0,1,-69.96,-61.46,0,TRUE
07/04/2025 22:27,0,93.66,0.85,0,0,1,-69.96,-61.46,0,TRUE
07/04/2025 22:27,0,96.08,0.85,0,0,1,-69.96,-61.46,0,TRUE
07/04/2025 22:27,0,96.08,0,0,0,1,-69.96,-61.46,0,TRUE
07/04/2025 22:27,0,96.08,0,1,0,1,-69.96,-61.46,0,TRUE
07/04/2025 22:27,30.07,96.08,0,1,0,1,-69.96,-61.46,0,TRUE
07/04/2025 22:27,30.07,96.08,0,1,0,1,-69.96,-61.46,0,TRUE
07/04/2025 22:27,30.07,93.66,0,1,0,1,-69.96,-61.46,0,TRUE
07/04/2025 22:27,30.07,93.66,0,1,0,1,-69.96,-61.46,0,TRUE
07/04/2025 22:27,30.07,93.66,0,0.17,0,1,-69.96,-61.46,0,TRUE
07/04/2025 22:27,30.07,93.66,0,0.17,0.01,1,-69.96,-61.46,0,TRUE
07/04/2025 22:27,27.7,93.66,0,0.17,0.01,1,-69.96,-61.46,0,TRUE
07/04/2025 22:27,27.7,93.58,0,0.17,0.01,1,-69.96,-61.46,0,TRUE
07/04/2025 22:27,27.7,93.58,0,0.17,0.01,1,-69.96,-61.46,0,TRUE
07/04/2025 22:27,27.7,93.58,0.83,0.17,0.01,1,-69.96,-61.46,0,TRUE
07/04/2025 22:27,27.7,93.58,0.83,0,0.01,1,-69.96,-61.46,0,TRUE
07/04/2025 22:27,27.7,93.58,0.83,0,0.01,1,-69.96,-61.46,0,TRUE
07/04/2025 22:27,27.7,93.58,0.83,0,0.06,1,-69.96,-61.46,0,TRUE
07/04/2025 22:27,30.46,93.58,0.83,0,0.06,1,-69.96,-61.46,0,TRUE
07/04/2025 22:27,30.46,93.57,0.83,0,0.06,1,-69.96,-61.46,0,TRUE
07/04/2025 22:27,30.46,93.57,0.09,0,0.06,1,-69.96,-61.46,0,TRUE
07/04/2025 22:27,30.46,93.57,0.09,0,0.06,1,-69.96,-61.46,0,TRUE
07/04/2025 22:27,30.46,93.57,0.09,0,0.03,1,-69.96,-61.46,0,TRUE
07/04/2025 22:27,30.46,93.57,0.09,0,0.03,1,-69.96,-61.46,0,TRUE
07/04/2025 22:27,28.04,93.57,0.09,0,0.03,1,-69.96,-61.46,0,TRUE
07/04/2025 22:27,28.04,93.51,0.09,0,0.03,1,-69.96,-61.46,0,TRUE
07/04/2025 22:27,28.04,93.51,0.56,0,0.03,1,-69.96,-61.46,0,TRUE
07/04/2025 22:27,28.04,93.51,0.56,0,0.08,1,-69.96,-61.46,0,TRUE
07/04/2025 22:27,28.04,93.51,0.56,0,0.08,1,-69.96,-61.46,0,TRUE
07/04/2025 22:27,28.04,93.51,0.56,0,0.08,1,-69.96,-61.46,0,TRUE
07/04/2025 22:27,30.21,93.51,0.56,0,0.08,1,-69.96,-61.46,0,TRUE
07/04/2025 22:27,30.21,93.5,0.56,0,0.08,1,-69.96,-61.46,0,TRUE
07/04/2025 22:27,30.21,93.5,0.14,0,0.08,1,-69.96,-61.46,0,TRUE
07/04/2025 22:27,30.21,93.5,0.14,0,0.06,1,-69.96,-61.46,0,TRUE
07/04/2025 22:27,30.21,93.5,0.14,0,0.06,1,-69.96,-61.46,0,TRUE
07/04/2025 22:27,30.21,93.5,0.14,0,0.06,1,-69.96,-61.46,0,TRUE
07/04/2025 22:27,25.99,93.5,0.14,0,0.06,1,-69.96,-61.46,0,TRUE
07/04/2025 22:27,25.99,93.47,0.14,0,0.06,1,-69.96,-61.46,0,TRUE
07/04/2025 22:27,25.99,93.47,0.3,0,0.06,1,-69.96,-61.46,0,TRUE
07/04/2025 22:27,25.99,93.47,0.3,0,0.13,1,-69.96,-61.46,0,TRUE
07/04/2025 22:27,23.59,93.47,0.3,0,0.13,1,-69.96,-61.46,0,TRUE
07/04/2025 22:27,23.59,93.47,0.3,0,0.13,1,-69.96,-61.46,0,TRUE
07/04/2025 22:27,23.59,93.43,0.3,0,0.13,1,-69.96,-61.46,0,TRUE
07/04/2025 22:27,23.59,93.43,0.35,0,0.13,1,-69.96,-61.46,0,TRUE
07/04/2025 22:27,23.59,93.43,0.35,0,0.13,1,-69.96,-61.46,0,TRUE
07/04/2025 22:27,23.59,93.43,0.35,0,0.14,1,-69.96,-61.46,0,TRUE
07/04/2025 22:27,19.88,93.43,0.35,0,0.14,1,-69.96,-61.46,0,TRUE
07/04/2025 22:27,19.88,93.41,0.35,0,0.14,1,-69.96,-61.46,0,TRUE
07/04/2025 22:27,19.88,93.41,0.35,0,0.14,1,-69.96,-61.46,0,TRUE
07/04/2025 22:27,19.88,93.41,0.18,0,0.14,1,-69.96,-61.46,0,TRUE
07/04/2025 22:27,19.88,93.41,0.18,0,0.14,1,-69.96,-61.46,0,TRUE
07/04/2025 22:27,19.88,93.41,0.18,0,0.06,1,-69.96,-61.46,0,TRUE
07/04/2025 22:27,16.66,93.41,0.18,0,0.06,1,-69.96,-61.46,0,TRUE
07/04/2025 22:27,16.66,93.41,0,0,0.06,1,-69.96,-61.46,0,TRUE
07/04/2025 22:27,16.66,93.41,0,1,0.06,1,-69.96,-61.46,0,TRUE
07/04/2025 22:27,16.66,93.41,0,1,0.06,1,-69.96,-61.46,0,TRUE
07/04/2025 22:27,16.66,93.41,0,1,0.02,1,-69.96,-61.46,0,TRUE
07/04/2025 22:27,16.66,93.41,0,1,0.02,1,-69.96,-61.46,0,TRUE
07/04/2025 22:27,0,93.41,0,1,0.02,1,-69.96,-61.46,0,TRUE
07/04/2025 22:27,0,93.41,0,1,0.03,1,-69.96,-61.46,0,TRUE
07/04/2025 22:27,0,93.41,0,1,0.03,1,-69.96,-61.46,0,TRUE
07/04/2025 22:27,0,93.41,0,1,0.03,1,-69.96,-61.46,0,TRUE
07/04/2025 22:27,0,93.41,0,1,0.03,1,-69.96,-61.46,0,TRUE
07/04/2025 22:28,0,93.41,0,1,0.03,1,-69.96,-61.46,0,TRUE
07/04/2025 22:28,0,93.41,0,1,0.03,1,-69.93,-61.46,0,TRUE
07/04/2025 22:28,0,93.41,0,1,0.03,1,-69.93,-61.46,0,TRUE
07/04/2025 22:28,0,93.41,0,1,0.03,1,-66.71,-61.54,0,TRUE
07/04/2025 22:28,0,93.41,0,1,0.03,1,-66.71,-61.54,0,TRUE
07/04/2025 22:28,0,93.41,0,1,0.03,1,-60.89,-61.58,0,TRUE
07/04/2025 22:28,0,93.41,0,1,0.03,1,-60.89,-61.58,0,TRUE
07/04/2025 22:28,0,93.41,0,1,0.03,1,-52.44,-61.53,0,TRUE
07/04/2025 22:28,0,93.41,0,1,0.03,1,-52.44,-61.53,0,TRUE
07/04/2025 22:28,0,93.41,0,1,0.03,1,-44.29,-61.45,0,TRUE
07/04/2025 22:28,1.68,93.41,0,1,0.03,1,-44.29,-61.45,0,TRUE
07/04/2025 22:28,1.68,93.41,0,1,0.03,1,-44.29,-61.45,0,TRUE
07/04/2025 22:28,1.68,93.33,0,1,0.03,1,-44.29,-61.45,0,TRUE
07/04/2025 22:28,1.68,93.33,0.85,1,0.03,1,-44.29,-61.45,0,TRUE
07/04/2025 22:28,1.68,93.33,0.85,0,0.03,1,-44.29,-61.45,0,TRUE
07/04/2025 22:28,16.13,93.33,0.85,0,0.03,1,-44.29,-61.45,0,TRUE
07/04/2025 22:28,16.13,93.33,0.85,0,0.03,1,-36.08,-61.37,0,TRUE
07/04/2025 22:28,16.13,93.33,0.85,0,0.03,1,-36.08,-61.37,0,TRUE
07/04/2025 22:28,16.13,93.33,0,0,0.03,1,-36.08,-61.37,0,TRUE
07/04/2025 22:28,16.13,93.33,0,0.7,0.03,1,-36.08,-61.37,0,TRUE
07/04/2025 22:28,16.13,93.33,0,0.7,0.01,1,-36.08,-61.37,0,TRUE
07/04/2025 22:28,29.6,93.33,0,0.7,0.01,1,-36.08,-61.37,0,TRUE
07/04/2025 22:28,29.6,93.24,0,0.7,0.01,1,-36.08,-61.37,0,TRUE
07/04/2025 22:28,29.6,93.24,0,0.7,0.01,1,-27.88,-61.28,0,TRUE
07/04/2025 22:28,29.6,93.24,0.85,0.7,0.01,1,-27.88,-61.28,0,TRUE
07/04/2025 22:28,29.6,93.24,0.85,0,0.01,1,-27.88,-61.28,0,TRUE
07/04/2025 22:28,29.6,93.24,0.85,0,0.01,1,-27.88,-61.28,0,FALSE
07/04/2025 22:28,29.76,93.24,0.85,0,0.01,1,-27.88,-61.28,0,FALSE
07/04/2025 22:28,29.76,93.24,0,0,0.01,1,-27.88,-61.28,0,FALSE
07/04/2025 22:28,29.76,93.24,0,0.13,0.01,1,-27.88,-61.28,0,FALSE
07/04/2025 22:28,29.76,93.24,0,0.13,0,1,-27.88,-61.28,0,FALSE
07/04/2025 22:28,29.76,93.24,0,0.13,0,1,-19.64,-61.2,0,FALSE
07/04/2025 22:28,29.76,93.24,0,0.13,0,1,-19.64,-61.2,0,FALSE
07/04/2025 22:28,28.2,93.24,0,0.13,0,1,-19.64,-61.2,0,FALSE
07/04/2025 22:28,28.2,93.16,0,0.13,0,1,-19.64,-61.2,0,FALSE
07/04/2025 22:28,28.2,93.16,0.81,0.13,0,1,-19.64,-61.2,0,FALSE
07/04/2025 22:28,28.2,93.16,0.81,0,0,1,-19.64,-61.2,0,FALSE
07/04/2025 22:28,28.2,93.16,0.81,0,0,1,-11.52,-61.11,0,FALSE
07/04/2025 22:28,30.41,93.16,0.81,0,0,1,-11.52,-61.11,0,FALSE
07/04/2025 22:28,30.41,93.16,0.81,0,0,1,-11.52,-61.11,0,FALSE
07/04/2025 22:28,30.41,93.16,0,0,0,1,-11.52,-61.11,0,FALSE
07/04/2025 22:28,30.41,93.16,0,0.28,0,1,-11.52,-61.11,0,FALSE
07/04/2025 22:28,28.11,93.16,0,0.28,0,1,-11.52,-61.11,0,FALSE
07/04/2025 22:28,28.11,93.08,0,0.28,0,1,-11.52,-61.11,0,FALSE
07/04/2025 22:28,28.11,93.08,0,0.28,0,1,-3.18,-61.02,0,FALSE
07/04/2025 22:28,28.11,93.08,0.78,0.28,0,1,-3.18,-61.02,0,FALSE
07/04/2025 22:28,28.11,93.08,0.78,0.28,0,1,-3.18,-61.02,0,FALSE
07/04/2025 22:28,28.11,93.08,0.78,0,0,1,-3.18,-61.02,0,FALSE
07/04/2025 22:28,29.95,93.08,0.78,0,0,1,-3.18,-61.02,0,FALSE
07/04/2025 22:28,29.95,93.08,0,0,0,1,-3.18,-61.02,0,FALSE
07/04/2025 22:28,29.95,93.08,0,0.08,0,1,-3.18,-61.02,0,FALSE
07/04/2025 22:28,29.95,93.08,0,0.08,0,1,4.93,-60.93,0,FALSE
07/04/2025 22:28,29.95,93.08,0,0.08,0,1,4.93,-60.93,0,FALSE
07/04/2025 22:28,28.16,93.08,0,0.08,0,1,4.93,-60.93,0,FALSE
07/04/2025 22:28,28.16,93.01,0,0.08,0,1,4.93,-60.93,0,FALSE
07/04/2025 22:28,28.16,93.01,0.74,0.08,0,1,4.93,-60.93,0,FALSE
07/04/2025 22:28,28.16,93.01,0.74,0,0,1,4.93,-60.93,0,FALSE
07/04/2025 22:28,30.25,93.01,0.74,0,0,1,4.93,-60.93,0,FALSE
07/04/2025 22:28,30.25,93.01,0.74,0,0,1,13.25,-60.91,0,FALSE
07/04/2025 22:28,30.25,93.01,0,0,0,1,13.25,-60.91,0,FALSE
07/04/2025 22:28,30.25,93.01,0,0,0,1,13.25,-60.91,0,FALSE
07/04/2025 22:28,30.25,93.01,0,0.14,0,1,13.25,-60.91,0,FALSE
07/04/2025 22:28,28.05,93.01,0,0.14,0,1,13.25,-60.91,0,FALSE
07/04/2025 22:28,28.05,92.93,0,0.14,0,1,13.25,-60.91,0,FALSE
07/04/2025 22:28,28.05,92.93,0.78,0.14,0,1,13.25,-60.91,0,FALSE
07/04/2025 22:28,28.05,92.93,0.78,0,0,1,13.25,-60.91,0,FALSE
07/04/2025 22:28,28.05,92.93,0.78,0,0,1,21.38,-60.91,0,FALSE
07/04/2025 22:28,28.05,92.93,0.78,0,0,1,21.38,-60.91,0,FALSE
07/04/2025 22:28,30.19,92.93,0.78,0,0,1,21.38,-60.91,0,FALSE
07/04/2025 22:28,30.19,92.93,0,0,0,1,21.38,-60.91,0,FALSE
07/04/2025 22:28,30.19,92.93,0,0.1,0,1,21.38,-60.91,0,FALSE
07/04/2025 22:28,28.15,92.93,0,0.1,0,1,21.38,-60.91,0,FALSE
07/04/2025 22:28,28.15,92.93,0,0.1,0,1,29.6,-60.91,0,FALSE
07/04/2025 22:28,28.15,92.86,0,0.1,0,1,29.6,-60.91,0,FALSE
07/04/2025 22:28,28.15,92.86,0,0.1,0,1,29.6,-60.91,0,FALSE
07/04/2025 22:28,28.15,92.86,0.75,0.1,0,1,29.6,-60.91,0,FALSE
07/04/2025 22:28,28.15,92.86,0.75,0,0,1,29.6,-60.91,0,FALSE
07/04/2025 22:28,29.98,92.86,0.75,0,0,1,29.6,-60.91,0,FALSE
07/04/2025 22:28,29.98,92.86,0,0,0,1,29.6,-60.91,0,FALSE
07/04/2025 22:28,29.98,92.86,0,0,0,1,37.82,-60.91,0,FALSE
07/04/2025 22:28,29.98,92.86,0,0.08,0,1,37.82,-60.91,0,FALSE
07/04/2025 22:28,29.98,92.86,0,0.08,0,1,37.82,-60.91,0,FALSE
07/04/2025 22:28,28.32,92.86,0,0.08,0,1,37.82,-60.91,0,FALSE
07/04/2025 22:28,28.32,92.78,0,0.08,0,1,37.82,-60.91,0,FALSE
07/04/2025 22:28,28.32,92.78,0.78,0.08,0,1,37.82,-60.91,0,FALSE
07/04/2025 22:28,28.32,92.78,0.78,0,0,1,37.82,-60.91,0,FALSE
07/04/2025 22:28,28.32,92.78,0.78,0,0,1,45.94,-60.92,0,FALSE
07/04/2025 22:28,29.97,92.78,0.78,0,0,1,45.94,-60.92,0,FALSE
07/04/2025 22:28,29.97,92.78,0.78,0,0,1,45.94,-60.92,0,FALSE
07/04/2025 22:28,29.97,92.78,0,0,0,1,45.94,-60.92,0,FALSE
07/04/2025 22:28,29.97,92.78,0,0.13,0,1,45.94,-60.92,0,FALSE
07/04/2025 22:28,29.97,92.78,0,0.13,0,1,54.09,-60.92,0,FALSE
07/04/2025 22:28,28.15,92.78,0,0.13,0,1,54.09,-60.92,0,FALSE
07/04/2025 22:28,28.15,92.78,0,0.13,0,1,54.09,-60.92,0,FALSE
07/04/2025 22:28,28.15,92.7,0,0.13,0,1,54.09,-60.92,0,FALSE
07/04/2025 22:28,28.15,92.7,0.78,0.13,0,1,54.09,-60.92,0,FALSE
07/04/2025 22:28,28.15,92.7,0.78,0,0,1,54.09,-60.92,0,FALSE
07/04/2025 22:28,28.15,92.7,0.78,0,0,1,62.39,-60.9,0,FALSE
07/04/2025 22:28,28.15,92.7,0.78,0,0,1,62.39,-60.9,0,FALSE
07/04/2025 22:28,29.93,92.7,0.78,0,0,1,62.39,-60.9,0,FALSE
07/04/2025 22:28,29.93,92.7,0,0,0,1,62.39,-60.9,0,FALSE
07/04/2025 22:28,29.93,92.7,0,0.1,0,1,62.39,-60.9,0,FALSE
07/04/2025 22:28,29.93,92.7,0,0.1,0,1,70.42,-60.34,0,FALSE
07/04/2025 22:28,28.11,92.7,0,0.1,0,1,70.42,-60.34,0,FALSE
07/04/2025 22:28,28.11,92.7,0,0.1,0,1,70.42,-60.34,0,FALSE
07/04/2025 22:28,28.11,92.62,0,0.1,0,1,70.42,-60.34,0,FALSE
07/04/2025 22:28,28.11,92.62,0.79,0.1,0,1,70.42,-60.34,0,FALSE
07/04/2025 22:28,28.11,92.62,0.79,0,0,1,70.42,-60.34,0,FALSE
07/04/2025 22:28,28.11,92.62,0.79,0,0.04,1,70.42,-60.34,0,FALSE
07/04/2025 22:28,28.11,92.62,0.79,0,0.04,1,78.35,-58.36,0,FALSE
07/04/2025 22:28,29.95,92.62,0.79,0,0.04,1,78.35,-58.36,0,FALSE
07/04/2025 22:28,29.95,92.62,0.79,0,0.04,1,78.35,-58.36,0,FALSE
07/04/2025 22:28,29.95,92.62,0,0,0.04,1,78.35,-58.36,0,FALSE
07/04/2025 22:28,29.95,92.62,0,0.09,0.04,1,78.35,-58.36,0,FALSE
07/04/2025 22:28,29.95,92.62,0,0.09,0.09,1,78.35,-58.36,0,FALSE
07/04/2025 22:28,29.95,92.62,0,0.09,0.09,1,85.61,-54.73,0,FALSE
07/04/2025 22:28,28.4,92.62,0,0.09,0.09,1,85.61,-54.73,0,FALSE
07/04/2025 22:28,28.4,92.62,0,0.09,0.09,1,85.61,-54.73,0,FALSE
07/04/2025 22:28,28.4,92.54,0,0.09,0.09,1,85.61,-54.73,0,FALSE
07/04/2025 22:28,28.4,92.54,0.79,0.09,0.09,1,85.61,-54.73,0,FALSE
07/04/2025 22:28,28.4,92.54,0.79,0,0.09,1,85.61,-54.73,0,FALSE
07/04/2025 22:28,28.4,92.54,0.79,0,0.06,1,85.61,-54.73,0,FALSE
07/04/2025 22:28,28.4,92.54,0.79,0,0.06,1,91.94,-49.61,0,FALSE
07/04/2025 22:28,29.52,92.54,0.79,0,0.06,1,91.94,-49.61,0,FALSE
07/04/2025 22:28,29.52,92.54,0.79,0,0.06,1,91.94,-49.61,0,FALSE
07/04/2025 22:28,29.52,92.54,0,0,0.06,1,91.94,-49.61,0,FALSE
07/04/2025 22:28,29.52,92.54,0,0.01,0.06,1,91.94,-49.61,0,FALSE
07/04/2025 22:28,29.52,92.54,0,0.01,0.12,1,91.94,-49.61,0,FALSE
07/04/2025 22:28,29.52,92.54,0,0.01,0.12,1,97,-43.22,0,FALSE
07/04/2025 22:28,28.78,92.54,0,0.01,0.12,1,97,-43.22,0,FALSE
07/04/2025 22:28,28.78,92.47,0,0.01,0.12,1,97,-43.22,0,FALSE
07/04/2025 22:28,28.78,92.47,0,0.01,0.12,1,97,-43.22,0,FALSE
07/04/2025 22:28,28.78,92.47,0.77,0.01,0.12,1,97,-43.22,0,FALSE
07/04/2025 22:28,28.78,92.47,0.77,0,0.12,1,97,-43.22,0,FALSE
07/04/2025 22:28,28.78,92.47,0.77,0,0.08,1,97,-43.22,0,FALSE
07/04/2025 22:28,28.78,92.47,0.77,0,0.08,1,100.57,-35.9,0,FALSE
07/04/2025 22:28,29.35,92.47,0.77,0,0.08,1,100.57,-35.9,0,FALSE
07/04/2025 22:28,29.35,92.47,0.77,0,0.08,1,100.57,-35.9,0,FALSE
07/04/2025 22:28,29.35,92.47,0,0,0.08,1,100.57,-35.9,0,FALSE
07/04/2025 22:28,29.35,92.47,0,0.08,0.08,1,100.57,-35.9,0,FALSE
07/04/2025 22:28,29.35,92.47,0,0.08,0.04,1,100.57,-35.9,0,FALSE
07/04/2025 22:28,29.35,92.47,0,0.08,0.04,1,102.46,-28.15,0,FALSE
07/04/2025 22:28,26.39,92.47,0,0.08,0.04,1,102.46,-28.15,0,FALSE
07/04/2025 22:28,26.39,92.47,0,0.08,0.04,1,102.46,-28.15,0,FALSE
07/04/2025 22:28,26.39,92.41,0,0.08,0.04,1,102.46,-28.15,0,FALSE
07/04/2025 22:28,26.39,92.41,0.56,0.08,0.04,1,102.46,-28.15,0,FALSE
07/04/2025 22:28,26.39,92.41,0.56,0,0.04,1,102.46,-28.15,0,FALSE
07/04/2025 22:28,26.39,92.41,0.56,0,0.09,1,102.46,-28.15,0,FALSE
07/04/2025 22:28,26.39,92.41,0.56,0,0.09,1,102.87,-21.11,0,FALSE
07/04/2025 22:28,23.7,92.41,0.56,0,0.09,1,102.87,-21.11,0,FALSE
07/04/2025 22:28,23.7,92.41,0.56,0,0.09,1,102.87,-21.11,0,FALSE
07/04/2025 22:28,23.7,92.41,0,0,0.09,1,102.87,-21.11,0,FALSE
07/04/2025 22:28,23.7,92.41,0,0.1,0.09,1,102.87,-21.11,0,FALSE
07/04/2025 22:28,23.7,92.41,0,0.1,0.03,1,102.87,-21.11,0,FALSE
07/04/2025 22:28,23.7,92.41,0,0.1,0.03,1,102.92,-15,0,FALSE
07/04/2025 22:28,19.76,92.41,0,0.1,0.03,1,102.92,-15,0,FALSE
07/04/2025 22:28,19.76,92.41,0,0.1,0.03,1,102.92,-15,0,FALSE
07/04/2025 22:28,19.76,92.35,0,0.1,0.03,1,102.92,-15,0,FALSE
07/04/2025 22:28,19.76,92.35,0.63,0.1,0.03,1,102.92,-15,0,FALSE
07/04/2025 22:28,19.76,92.35,0.63,0,0.03,1,102.92,-15,0,FALSE
07/04/2025 22:28,19.76,92.35,0.63,0,0,1,102.92,-15,0,FALSE
07/04/2025 22:28,19.76,92.35,0.63,0,0,1,102.91,-9.76,0,FALSE
07/04/2025 22:28,15.04,92.35,0.63,0,0,1,102.91,-9.76,0,FALSE
07/04/2025 22:28,15.04,92.35,0.63,0,0,1,102.91,-9.76,0,FALSE
07/04/2025 22:28,15.04,92.35,0,0,0,1,102.91,-9.76,0,FALSE
07/04/2025 22:28,15.04,92.35,0,1,0,1,102.91,-9.76,0,FALSE
07/04/2025 22:28,15.04,92.35,0,1,0,1,102.91,-8.14,0,FALSE
07/04/2025 22:28,0,92.35,0,1,0,1,102.91,-8.14,0,FALSE
07/04/2025 22:28,0,92.35,0,1,0,1,102.91,-8.14,0,FALSE
07/04/2025 22:28,0,92.35,0,1,0,1,102.91,-8.14,0,FALSE
07/04/2025 22:28,0,92.35,0,1,0,1,102.91,-8.14,0,FALSE
07/04/2025 22:28,0,92.35,0,1,0,1,102.9,-7.71,0,FALSE
07/04/2025 22:28,7.97,92.35,0,1,0,1,102.9,-7.71,0,FALSE
07/04/2025 22:28,7.97,92.35,0,1,0,1,102.9,-7.71,0,FALSE
07/04/2025 22:28,7.97,92.26,0,1,0,1,102.9,-7.71,0,FALSE
07/04/2025 22:28,7.97,92.26,0.85,1,0,1,102.9,-7.71,0,FALSE
07/04/2025 22:28,7.97,92.26,0.85,0,0,1,102.9,-7.71,0,FALSE
07/04/2025 22:28,7.97,92.26,0.85,0,0,1,102.88,-3.57,0,FALSE
07/04/2025 22:28,14.74,92.26,0.85,0,0,1,102.88,-3.57,0,FALSE
07/04/2025 22:28,14.74,92.26,0.85,0,0,1,102.88,-3.57,0,FALSE
07/04/2025 22:28,14.74,92.18,0.85,0,0,1,102.88,-3.57,0,FALSE
07/04/2025 22:28,14.74,92.18,0.85,0,0,1,102.84,3.02,0,FALSE
07/04/2025 22:28,31.04,92.18,0.85,0,0,1,102.84,3.02,0,FALSE
07/04/2025 22:28,31.04,92.18,0.85,0,0,1,102.84,3.02,0,FALSE
07/04/2025 22:28,31.04,92.18,0,0,0,1,102.84,3.02,0,FALSE
07/04/2025 22:28,31.04,92.18,0,0.47,0,1,102.84,3.02,0,FALSE
07/04/2025 22:28,31.04,92.18,0,0.47,0,1,102.79,11.17,0,FALSE
07/04/2025 22:28,28.01,92.18,0,0.47,0,1,102.79,11.17,0,FALSE
07/04/2025 22:28,28.01,92.18,0,0.47,0,1,102.79,11.17,0,FALSE
07/04/2025 22:28,28.01,92.11,0,0.47,0,1,102.79,11.17,0,FALSE
07/04/2025 22:28,28.01,92.11,0.67,0.47,0,1,102.79,11.17,0,FALSE
07/04/2025 22:28,28.01,92.11,0.67,0,0,1,102.79,11.17,0,FALSE
07/04/2025 22:28,28.01,92.11,0.67,0,0,1,102.73,19.4,0,FALSE
07/04/2025 22:28,30.26,92.11,0.67,0,0,1,102.73,19.4,0,FALSE
07/04/2025 22:28,30.26,92.11,0.67,0,0,1,102.73,19.4,0,FALSE
07/04/2025 22:28,30.26,92.09,0.67,0,0,1,102.73,19.4,0,FALSE
07/04/2025 22:28,30.26,92.09,0.18,0,0,1,102.73,19.4,0,FALSE
07/04/2025 22:28,30.26,92.09,0.18,0,0,1,102.68,27.63,0,FALSE
07/04/2025 22:28,28.22,92.09,0.18,0,0,1,102.68,27.63,0,FALSE
07/04/2025 22:28,28.22,92.09,0.18,0,0,1,102.68,27.63,0,FALSE
07/04/2025 22:28,28.22,92.03,0.18,0,0,1,102.68,27.63,0,FALSE
07/04/2025 22:28,28.22,92.03,0.63,0,0,1,102.68,27.63,0,FALSE
07/04/2025 22:28,28.22,92.03,0.63,0,0,1,102.62,35.88,0,FALSE
07/04/2025 22:28,30.25,92.03,0.63,0,0,1,102.62,35.88,0,FALSE
07/04/2025 22:28,30.25,92.03,0.63,0,0,1,102.62,35.88,0,FALSE
07/04/2025 22:28,30.25,92.03,0,0,0,1,102.62,35.88,0,FALSE
07/04/2025 22:28,30.25,92.03,0,0.05,0,1,102.62,35.88,0,FALSE
07/04/2025 22:28,30.25,92.03,0,0.05,0,1,102.57,44.08,0,FALSE
07/04/2025 22:28,28,92.03,0,0.05,0,1,102.57,44.08,0,FALSE
07/04/2025 22:28,28,92.03,0,0.05,0,1,102.57,44.08,0,FALSE
07/04/2025 22:28,28,91.97,0,0.05,0,1,102.57,44.08,0,FALSE
07/04/2025 22:28,28,91.97,0.61,0.05,0,1,102.57,44.08,0,FALSE
07/04/2025 22:28,28,91.97,0.61,0,0,1,102.57,44.08,0,FALSE
07/04/2025 22:28,28,91.97,0.61,0,0,1,102.51,52.3,0,FALSE
07/04/2025 22:28,30.4,91.97,0.61,0,0,1,102.51,52.3,0,FALSE
07/04/2025 22:28,30.4,91.97,0.61,0,0,1,102.51,52.3,0,FALSE
07/04/2025 22:28,30.4,91.94,0.61,0,0,1,102.51,52.3,0,FALSE
07/04/2025 22:28,30.4,91.94,0.26,0,0,1,102.51,52.3,0,FALSE
07/04/2025 22:28,30.4,91.94,0.26,0,0,1,102.45,60.55,0,FALSE
07/04/2025 22:28,28.29,91.94,0.26,0,0,1,102.45,60.55,0,FALSE
07/04/2025 22:28,28.29,91.94,0.26,0,0,1,102.45,60.55,0,FALSE
07/04/2025 22:28,28.29,91.9,0.26,0,0,1,102.45,60.55,0,FALSE
07/04/2025 22:28,28.29,91.9,0.44,0,0,1,102.45,60.55,0,FALSE
07/04/2025 22:28,28.29,91.9,0.44,0,0,1,102.4,68.61,0,FALSE
07/04/2025 22:28,29.09,91.9,0.44,0,0,1,102.4,68.61,0,FALSE
07/04/2025 22:28,29.09,91.9,0.44,0,0,1,102.4,68.61,0,FALSE
07/04/2025 22:28,29.09,91.82,0.44,0,0,1,102.4,68.61,0,FALSE
07/04/2025 22:28,29.09,91.82,0.79,0,0,1,102.4,68.61,0,FALSE
07/04/2025 22:28,29.09,91.82,0.79,0,0,1,102.34,76.89,0,FALSE
07/04/2025 22:28,29.88,91.82,0.79,0,0,1,102.34,76.89,0,FALSE
07/04/2025 22:28,29.88,91.82,0.79,0,0,1,102.34,76.89,0,FALSE
07/04/2025 22:28,29.88,91.82,0,0,0,1,102.34,76.89,0,FALSE
07/04/2025 22:28,29.88,91.82,0,0.28,0,1,102.34,76.89,0,FALSE
07/04/2025 22:28,29.88,91.82,0,0.28,0,1,102.29,85.02,0,FALSE
07/04/2025 22:28,28.01,91.82,0,0.28,0,1,102.29,85.02,0,FALSE
07/04/2025 22:28,28.01,91.82,0,0.28,0,1,102.29,85.02,0,FALSE
07/04/2025 22:28,28.01,91.74,0,0.28,0,1,102.29,85.02,0,FALSE
07/04/2025 22:28,28.01,91.74,0.78,0.28,0,1,102.29,85.02,0,FALSE
07/04/2025 22:28,28.01,91.74,0.78,0,0,1,102.29,85.02,0,FALSE
07/04/2025 22:28,28.01,91.74,0.78,0,0,1,102.08,93.22,0,FALSE
07/04/2025 22:28,30.48,91.74,0.78,0,0,1,102.08,93.22,0,FALSE
07/04/2025 22:28,30.48,91.74,0.78,0,0,1,102.08,93.22,0,FALSE
07/04/2025 22:28,30.48,91.74,0,0,0,1,102.08,93.22,0,FALSE
07/04/2025 22:28,30.48,91.74,0,0.17,0,1,102.08,93.22,0,FALSE
07/04/2025 22:28,30.48,91.74,0,0.17,0,1,101.08,101.31,0,FALSE
07/04/2025 22:28,27.96,91.74,0,0.17,0,1,101.08,101.31,0,FALSE
07/04/2025 22:28,27.96,91.74,0,0.17,0,1,101.08,101.31,0,FALSE
07/04/2025 22:28,27.96,91.68,0,0.17,0,1,101.08,101.31,0,FALSE
07/04/2025 22:28,27.96,91.68,0.57,0.17,0,1,101.08,101.31,0,FALSE
07/04/2025 22:28,27.96,91.68,0.57,0,0,1,101.08,101.31,0,FALSE
07/04/2025 22:28,27.96,91.68,0.57,0,0.09,1,101.08,101.31,0,FALSE
07/04/2025 22:28,27.96,91.68,0.57,0,0.09,1,98.74,109.09,0,FALSE
07/04/2025 22:28,30.51,91.68,0.57,0,0.09,1,98.74,109.09,0,FALSE
07/04/2025 22:28,30.51,91.68,0.57,0,0.09,1,98.74,109.09,0,FALSE
07/04/2025 22:28,30.51,91.65,0.57,0,0.09,1,98.74,109.09,0,FALSE
07/04/2025 22:28,30.51,91.65,0.29,0,0.09,1,98.74,109.09,0,FALSE
07/04/2025 22:28,30.51,91.65,0.29,0,0.06,1,98.74,109.09,0,FALSE
07/04/2025 22:28,30.51,91.65,0.29,0,0.06,1,95.02,116.48,0,FALSE
07/04/2025 22:28,28.71,91.65,0.29,0,0.06,1,95.02,116.48,0,FALSE
07/04/2025 22:28,28.71,91.63,0.29,0,0.06,1,95.02,116.48,0,FALSE
07/04/2025 22:28,28.71,91.63,0.29,0,0.06,1,95.02,116.48,0,FALSE
07/04/2025 22:28,28.71,91.63,0.18,0,0.06,1,95.02,116.48,0,FALSE
07/04/2025 22:28,28.71,91.63,0.18,0,0.1,1,95.02,116.48,0,FALSE
07/04/2025 22:28,28.71,91.63,0.18,0,0.1,1,90.16,122.88,0,FALSE
07/04/2025 22:28,28.62,91.63,0.18,0,0.1,1,90.16,122.88,0,FALSE
07/04/2025 22:28,28.62,91.56,0.18,0,0.1,1,90.16,122.88,0,FALSE
07/04/2025 22:28,28.62,91.56,0.18,0,0.1,1,90.16,122.88,0,FALSE
07/04/2025 22:28,28.62,91.56,0.78,0,0.1,1,90.16,122.88,0,FALSE
07/04/2025 22:28,28.62,91.56,0.78,0,0.08,1,90.16,122.88,0,FALSE
07/04/2025 22:28,29.87,91.56,0.78,0,0.08,1,90.16,122.88,0,FALSE
07/04/2025 22:28,29.87,91.56,0.78,0,0.08,1,83.83,128.26,0,FALSE
07/04/2025 22:28,29.87,91.56,0.78,0,0.08,1,83.83,128.26,0,FALSE
07/04/2025 22:28,29.87,91.56,0,0,0.08,1,83.83,128.26,0,FALSE
07/04/2025 22:28,29.87,91.56,0,0.21,0.08,1,83.83,128.26,0,FALSE
07/04/2025 22:28,29.87,91.56,0,0.21,0.04,1,83.83,128.26,0,FALSE
07/04/2025 22:28,29.87,91.56,0,0.21,0.04,1,76.65,131.89,0,FALSE
07/04/2025 22:28,28.01,91.56,0,0.21,0.04,1,76.65,131.89,0,FALSE
07/04/2025 22:28,28.01,91.56,0,0.21,0.04,1,76.65,131.89,0,FALSE
07/04/2025 22:28,28.01,91.48,0,0.21,0.04,1,76.65,131.89,0,FALSE
07/04/2025 22:28,28.01,91.48,0.78,0.21,0.04,1,76.65,131.89,0,FALSE
07/04/2025 22:28,28.01,91.48,0.78,0,0.04,1,76.65,131.89,0,FALSE
07/04/2025 22:28,28.01,91.48,0.78,0,0.1,1,76.65,131.89,0,FALSE
07/04/2025 22:28,28.01,91.48,0.78,0,0.1,1,68.68,133.75,0,FALSE
07/04/2025 22:28,30.27,91.48,0.78,0,0.1,1,68.68,133.75,0,FALSE
07/04/2025 22:28,30.27,91.48,0.78,0,0.1,1,68.68,133.75,0,FALSE
07/04/2025 22:28,30.27,91.48,0,0,0.1,1,68.68,133.75,0,FALSE
07/04/2025 22:28,30.27,91.48,0,0.13,0.1,1,68.68,133.75,0,FALSE
07/04/2025 22:28,30.27,91.48,0,0.13,0.04,1,68.68,133.75,0,FALSE
07/04/2025 22:28,30.27,91.48,0,0.13,0.04,1,60.52,134.09,0,FALSE
07/04/2025 22:28,28.05,91.48,0,0.13,0.04,1,60.52,134.09,0,FALSE
07/04/2025 22:28,28.05,91.48,0,0.13,0.04,1,60.52,134.09,0,FALSE
07/04/2025 22:28,28.05,91.41,0,0.13,0.04,1,60.52,134.09,0,FALSE
07/04/2025 22:28,28.05,91.41,0.67,0.13,0.04,1,60.52,134.09,0,FALSE
07/04/2025 22:28,28.05,91.41,0.67,0,0.04,1,60.52,134.09,0,FALSE
07/04/2025 22:28,28.05,91.41,0.67,0,0.01,1,60.52,134.09,0,FALSE
07/04/2025 22:28,28.05,91.41,0.67,0,0.01,1,52.28,134.12,0,FALSE
07/04/2025 22:28,29.78,91.41,0.67,0,0.01,1,52.28,134.12,0,FALSE
07/04/2025 22:28,29.78,91.41,0.67,0,0.01,1,52.28,134.12,0,FALSE
07/04/2025 22:28,29.78,91.41,0.02,0,0.01,1,52.28,134.12,0,FALSE
07/04/2025 22:28,29.78,91.41,0.02,0,0,1,52.28,134.12,0,FALSE
07/04/2025 22:28,29.78,91.41,0.02,0,0,1,44.17,134.09,0,FALSE
07/04/2025 22:28,28.84,91.41,0.02,0,0,1,44.17,134.09,0,FALSE
07/04/2025 22:28,28.84,91.41,0.02,0,0,1,44.17,134.09,0,FALSE
07/04/2025 22:28,28.84,91.35,0.02,0,0,1,44.17,134.09,0,FALSE
07/04/2025 22:28,28.84,91.35,0.62,0,0,1,44.17,134.09,0,FALSE
07/04/2025 22:28,28.84,91.35,0.62,0,0,1,35.99,134.05,0,FALSE
07/04/2025 22:28,28.88,91.35,0.62,0,0,1,35.99,134.05,0,FALSE
07/04/2025 22:28,28.88,91.35,0.62,0,0,1,35.99,134.05,0,FALSE
07/04/2025 22:28,28.88,91.31,0.62,0,0,1,35.99,134.05,0,FALSE
07/04/2025 22:28,28.88,91.31,0.33,0,0,1,35.99,134.05,0,FALSE
07/04/2025 22:28,29.39,91.31,0.33,0,0,1,35.99,134.05,0,FALSE
07/04/2025 22:28,29.39,91.31,0.33,0,0,1,27.8,134.01,0,FALSE
07/04/2025 22:28,29.39,91.31,0.33,0,0,1,27.8,134.01,0,FALSE
07/04/2025 22:28,29.39,91.28,0.33,0,0,1,27.8,134.01,0,FALSE
07/04/2025 22:28,29.39,91.28,0.36,0,0,1,27.8,134.01,0,FALSE
07/04/2025 22:28,29.39,91.28,0.36,0,0,1,19.58,133.96,0,FALSE
07/04/2025 22:28,28.74,91.28,0.36,0,0,1,19.58,133.96,0,FALSE
07/04/2025 22:28,28.74,91.28,0.36,0,0,1,19.58,133.96,0,FALSE
07/04/2025 22:28,28.74,91.23,0.36,0,0,1,19.58,133.96,0,FALSE
07/04/2025 22:28,28.74,91.23,0.49,0,0,1,19.58,133.96,0,FALSE
07/04/2025 22:28,28.74,91.23,0.49,0,0,1,11.43,133.86,0,FALSE
07/04/2025 22:28,29.2,91.23,0.49,0,0,1,11.43,133.86,0,FALSE
07/04/2025 22:28,29.2,91.23,0.49,0,0,1,11.43,133.86,0,FALSE
07/04/2025 22:28,29.2,91.2,0.49,0,0,1,11.43,133.86,0,FALSE
07/04/2025 22:28,29.2,91.2,0.29,0,0,1,11.43,133.86,0,FALSE
07/04/2025 22:28,29.2,91.2,0.29,0,0,1,3.23,133.75,0,FALSE
07/04/2025 22:28,29.07,91.2,0.29,0,0,1,3.23,133.75,0,FALSE
07/04/2025 22:29,29.07,91.2,0.29,0,0,1,3.23,133.75,0,FALSE
07/04/2025 22:29,29.07,91.16,0.29,0,0,1,3.23,133.75,0,FALSE
07/04/2025 22:29,29.07,91.16,0.39,0,0,1,3.23,133.75,0,FALSE
07/04/2025 22:29,29.07,91.16,0.39,0,0,1,-4.78,133.69,0,FALSE
07/04/2025 22:29,26.57,91.16,0.39,0,0,1,-4.78,133.69,0,FALSE
07/04/2025 22:29,26.57,91.12,0.39,0,0,1,-4.78,133.69,0,FALSE
07/04/2025 22:29,26.57,91.12,0.39,0,0,1,-4.78,133.69,0,FALSE
07/04/2025 22:29,26.57,91.12,0.37,0,0,1,-4.78,133.69,0,FALSE
07/04/2025 22:29,26.57,91.12,0.37,0,0,1,-11.81,133.64,0,FALSE
07/04/2025 22:29,23.2,91.12,0.37,0,0,1,-11.81,133.64,0,FALSE
07/04/2025 22:29,23.2,91.12,0.37,0,0,1,-11.81,133.64,0,FALSE
07/04/2025 22:29,23.2,91.11,0.37,0,0,1,-11.81,133.64,0,FALSE
07/04/2025 22:29,23.2,91.11,0.15,0,0,1,-11.81,133.64,0,FALSE
07/04/2025 22:29,23.2,91.11,0.15,0,0,1,-17.82,133.6,0,FALSE
07/04/2025 22:29,20.2,91.11,0.15,0,0,1,-17.82,133.6,0,FALSE
07/04/2025 22:29,20.2,91.11,0.15,0,0,1,-17.82,133.6,0,FALSE
07/04/2025 22:29,20.2,91.08,0.15,0,0,1,-17.82,133.6,0,FALSE
07/04/2025 22:29,20.2,91.08,0.33,0,0,1,-17.82,133.6,0,FALSE
07/04/2025 22:29,20.2,91.08,0.33,0,0,1,-23.05,133.57,0,FALSE
07/04/2025 22:29,13.16,91.08,0.33,0,0,1,-23.05,133.57,0,FALSE
07/04/2025 22:29,13.16,90.99,0.33,0,0,1,-23.05,133.57,0,FALSE
07/04/2025 22:29,13.16,90.99,0.33,0,0,1,-23.05,133.57,0,FALSE
07/04/2025 22:29,13.16,90.99,0.85,0,0,1,-23.05,133.57,0,FALSE
07/04/2025 22:29,13.16,90.99,0.85,0,0,1,-27.62,133.54,0,FALSE
07/04/2025 22:29,15.63,90.99,0.85,0,0,1,-27.62,133.54,0,FALSE
07/04/2025 22:29,15.63,90.99,0.85,0,0,1,-27.62,133.54,0,FALSE
07/04/2025 22:29,15.63,90.94,0.85,0,0,1,-27.62,133.54,0,FALSE
07/04/2025 22:29,15.63,90.94,0.53,0,0,1,-27.62,133.54,0,FALSE
07/04/2025 22:29,15.63,90.94,0.53,0,0,1,-32.41,133.51,0,FALSE
07/04/2025 22:29,22.89,90.94,0.53,0,0,1,-32.41,133.51,0,FALSE
07/04/2025 22:29,22.89,90.85,0.53,0,0,1,-32.41,133.51,0,FALSE
07/04/2025 22:29,22.89,90.85,0.53,0,0,1,-32.41,133.51,0,FALSE
07/04/2025 22:29,22.89,90.85,0.85,0,0,1,-32.41,133.51,0,FALSE
07/04/2025 22:29,22.89,90.85,0.85,0,0,1,-40.44,133.46,0,FALSE
07/04/2025 22:29,29.31,90.85,0.85,0,0,1,-40.44,133.46,0,FALSE
07/04/2025 22:29,29.31,90.85,0.85,0,0,1,-40.44,133.46,0,FALSE
07/04/2025 22:29,29.31,90.78,0.85,0,0,1,-40.44,133.46,0,FALSE
07/04/2025 22:29,29.31,90.78,0.73,0,0,1,-40.44,133.46,0,FALSE
07/04/2025 22:29,29.31,90.78,0.73,0,0,1,-48.72,133.41,0,FALSE
07/04/2025 22:29,29.24,90.78,0.73,0,0,1,-48.72,133.41,0,FALSE
07/04/2025 22:29,29.24,90.78,0.73,0,0,1,-48.72,133.41,0,FALSE
07/04/2025 22:29,29.24,90.78,0,0,0,1,-48.72,133.41,0,FALSE
07/04/2025 22:29,29.24,90.78,0,0.01,0,1,-48.72,133.41,0,FALSE
07/04/2025 22:29,29.24,90.78,0,0.01,0,1,-56.79,133.36,0,FALSE
07/04/2025 22:29,29.24,90.78,0,0.01,0,1,-56.79,133.36,0,FALSE
07/04/2025 22:29,28.58,90.78,0,0.01,0,1,-56.79,133.36,0,FALSE
07/04/2025 22:29,28.58,90.7,0,0.01,0,1,-56.79,133.36,0,FALSE
07/04/2025 22:29,28.58,90.7,0.83,0.01,0,1,-56.79,133.36,0,FALSE
07/04/2025 22:29,28.58,90.7,0.83,0,0,1,-56.79,133.36,0,FALSE
07/04/2025 22:29,28.58,90.7,0.83,0,0,1,-65.11,133.04,0,FALSE
07/04/2025 22:29,30.01,90.7,0.83,0,0,1,-65.11,133.04,0,FALSE
07/04/2025 22:29,30.01,90.7,0.83,0,0,1,-65.11,133.04,0,FALSE
07/04/2025 22:29,30.01,90.7,0,0,0,1,-65.11,133.04,0,FALSE
07/04/2025 22:29,30.01,90.7,0,0.21,0,1,-65.11,133.04,0,FALSE
07/04/2025 22:29,30.01,90.7,0,0.21,0.08,1,-65.11,133.04,0,FALSE
07/04/2025 22:29,30.01,90.7,0,0.21,0.08,1,-73.11,131.68,0,FALSE
07/04/2025 22:29,30.01,90.7,0,0.21,0.08,1,-73.11,131.68,0,FALSE
07/04/2025 22:29,28.24,90.7,0,0.21,0.08,1,-73.11,131.68,0,FALSE
07/04/2025 22:29,28.24,90.62,0,0.21,0.08,1,-73.11,131.68,0,FALSE
07/04/2025 22:29,28.24,90.62,0.77,0.21,0.08,1,-73.11,131.68,0,FALSE
07/04/2025 22:29,28.24,90.62,0.77,0,0.08,1,-73.11,131.68,0,FALSE
07/04/2025 22:29,28.24,90.62,0.77,0,0.07,1,-73.11,131.68,0,FALSE
07/04/2025 22:29,28.24,90.62,0.77,0,0.07,1,-80.78,128.61,0,FALSE
07/04/2025 22:29,29.79,90.62,0.77,0,0.07,1,-80.78,128.61,0,FALSE
07/04/2025 22:29,29.79,90.62,0.77,0,0.07,1,-80.78,128.61,0,FALSE
07/04/2025 22:29,29.79,90.62,0,0,0.07,1,-80.78,128.61,0,FALSE
07/04/2025 22:29,29.79,90.62,0,0.08,0.07,1,-80.78,128.61,0,FALSE
07/04/2025 22:29,29.79,90.62,0,0.08,0.04,1,-80.78,128.61,0,FALSE
07/04/2025 22:29,29.79,90.62,0,0.08,0.04,1,-87.51,124.17,0,FALSE
07/04/2025 22:29,28.45,90.62,0,0.08,0.04,1,-87.51,124.17,0,FALSE
07/04/2025 22:29,28.45,90.62,0,0.08,0.04,1,-87.51,124.17,0,FALSE
07/04/2025 22:29,28.45,90.54,0,0.08,0.04,1,-87.51,124.17,0,FALSE
07/04/2025 22:29,28.45,90.54,0.76,0.08,0.04,1,-87.51,124.17,0,FALSE
07/04/2025 22:29,28.45,90.54,0.76,0,0.04,1,-87.51,124.17,0,FALSE
07/04/2025 22:29,28.45,90.54,0.76,0,0.07,1,-87.51,124.17,0,FALSE
07/04/2025 22:29,28.45,90.54,0.76,0,0.07,1,-93.29,118.36,0,FALSE
07/04/2025 22:29,29.98,90.54,0.76,0,0.07,1,-93.29,118.36,0,FALSE
07/04/2025 22:29,29.98,90.54,0.76,0,0.07,1,-93.29,118.36,0,FALSE
07/04/2025 22:29,29.98,90.54,0,0,0.07,1,-93.29,118.36,0,FALSE
07/04/2025 22:29,29.98,90.54,0,0.22,0.07,1,-93.29,118.36,0,FALSE
07/04/2025 22:29,29.98,90.54,0,0.22,0.06,1,-93.29,118.36,0,FALSE
07/04/2025 22:29,29.98,90.54,0,0.22,0.06,1,-97.87,111.67,0,FALSE
07/04/2025 22:29,28.3,90.54,0,0.22,0.06,1,-97.87,111.67,0,FALSE
07/04/2025 22:29,28.3,90.54,0,0.22,0.06,1,-97.87,111.67,0,FALSE
07/04/2025 22:29,28.3,90.47,0,0.22,0.06,1,-97.87,111.67,0,FALSE
07/04/2025 22:29,28.3,90.47,0.78,0.22,0.06,1,-97.87,111.67,0,FALSE
07/04/2025 22:29,28.3,90.47,0.78,0,0.06,1,-97.87,111.67,0,FALSE
07/04/2025 22:29,28.3,90.47,0.78,0,0.12,1,-97.87,111.67,0,FALSE
07/04/2025 22:29,28.3,90.47,0.78,0,0.12,1,-101.6,104.32,0,FALSE
07/04/2025 22:29,29.7,90.47,0.78,0,0.12,1,-101.6,104.32,0,FALSE
07/04/2025 22:29,29.7,90.47,0.78,0,0.12,1,-101.6,104.32,0,FALSE
07/04/2025 22:29,29.7,90.47,0,0,0.12,1,-101.6,104.32,0,FALSE
07/04/2025 22:29,29.7,90.47,0,0.11,0.12,1,-101.6,104.32,0,FALSE
07/04/2025 22:29,29.7,90.47,0,0.11,0.01,1,-101.6,104.32,0,FALSE
07/04/2025 22:29,29.7,90.47,0,0.11,0.01,1,-104.44,96.63,0,FALSE
07/04/2025 22:29,28.44,90.47,0,0.11,0.01,1,-104.44,96.63,0,FALSE
07/04/2025 22:29,28.44,90.47,0,0.11,0.01,1,-104.44,96.63,0,FALSE
07/04/2025 22:29,28.44,90.39,0,0.11,0.01,1,-104.44,96.63,0,FALSE
07/04/2025 22:29,28.44,90.39,0.79,0.11,0.01,1,-104.44,96.63,0,FALSE
07/04/2025 22:29,28.44,90.39,0.79,0,0.01,1,-104.44,96.63,0,FALSE
07/04/2025 22:29,28.44,90.39,0.79,0,0.05,1,-104.44,96.63,0,FALSE
07/04/2025 22:29,28.44,90.39,0.79,0,0.05,1,-106.33,88.69,0,FALSE
07/04/2025 22:29,29.32,90.39,0.79,0,0.05,1,-106.33,88.69,0,FALSE
07/04/2025 22:29,29.32,90.39,0.79,0,0.05,1,-106.33,88.69,0,FALSE
07/04/2025 22:29,29.32,90.39,0,0,0.05,1,-106.33,88.69,0,FALSE
07/04/2025 22:29,29.32,90.39,0,0.01,0.05,1,-106.33,88.69,0,FALSE
07/04/2025 22:29,29.32,90.39,0,0.01,0.08,1,-106.33,88.69,0,FALSE
07/04/2025 22:29,29.32,90.39,0,0.01,0.08,1,-107.25,80.66,0,FALSE
07/04/2025 22:29,29.21,90.39,0,0.01,0.08,1,-107.25,80.66,0,FALSE
07/04/2025 22:29,29.21,90.34,0,0.01,0.08,1,-107.25,80.66,0,FALSE
07/04/2025 22:29,29.21,90.34,0,0.01,0.08,1,-107.25,80.66,0,FALSE
07/04/2025 22:29,29.21,90.34,0.52,0.01,0.08,1,-107.25,80.66,0,FALSE
07/04/2025 22:29,29.21,90.34,0.52,0,0.08,1,-107.25,80.66,0,FALSE
07/04/2025 22:29,29.21,90.34,0.52,0,0.01,1,-107.25,80.66,0,FALSE
07/04/2025 22:29,29.21,90.34,0.52,0,0.01,1,-107.47,72.48,0,FALSE
07/04/2025 22:29,28.81,90.34,0.52,0,0.01,1,-107.47,72.48,0,FALSE
07/04/2025 22:29,28.81,90.34,0.52,0,0.01,1,-107.47,72.48,0,FALSE
07/04/2025 22:29,28.81,90.31,0.52,0,0.01,1,-107.47,72.48,0,FALSE
07/04/2025 22:29,28.81,90.31,0.23,0,0.01,1,-107.47,72.48,0,FALSE
07/04/2025 22:29,28.81,90.31,0.23,0,0.01,1,-107.45,64.91,0,FALSE
07/04/2025 22:29,25.59,90.31,0.23,0,0.01,1,-107.45,64.91,0,FALSE
07/04/2025 22:29,25.59,90.31,0.23,0,0.01,1,-107.45,64.91,0,FALSE
07/04/2025 22:29,25.59,90.3,0.23,0,0.01,1,-107.45,64.91,0,FALSE
07/04/2025 22:29,25.59,90.3,0.18,0,0.01,1,-107.45,64.91,0,FALSE
07/04/2025 22:29,25.59,90.3,0.18,0,0,1,-107.45,64.91,0,FALSE
07/04/2025 22:29,25.59,90.3,0.18,0,0,1,-107.39,58.28,0,FALSE
07/04/2025 22:29,21.62,90.3,0.18,0,0,1,-107.39,58.28,0,FALSE
07/04/2025 22:29,21.62,90.3,0.18,0,0,1,-107.39,58.28,0,FALSE
07/04/2025 22:29,21.62,90.26,0.18,0,0,1,-107.39,58.28,0,FALSE
07/04/2025 22:29,21.62,90.26,0.37,0,0,1,-107.39,58.28,0,FALSE
07/04/2025 22:29,21.62,90.26,0.37,0,0,1,-107.33,52.57,0,FALSE
07/04/2025 22:29,19.72,90.26,0.37,0,0,1,-107.33,52.57,0,FALSE
07/04/2025 22:29,19.72,90.26,0.37,0,0,1,-107.33,52.57,0,FALSE
07/04/2025 22:29,19.72,90.26,0,0,0,1,-107.33,52.57,0,FALSE
07/04/2025 22:29,19.72,90.26,0,1,0,1,-107.33,52.57,0,FALSE
07/04/2025 22:29,19.72,90.26,0,1,0,1,-107.29,49.35,0,FALSE
07/04/2025 22:29,0,90.26,0,1,0,1,-107.29,49.35,0,FALSE
07/04/2025 22:29,0,90.26,0,1,0,1,-107.29,49.35,0,FALSE
07/04/2025 22:29,0,90.26,0,1,0,1,-107.29,49.35,0,FALSE
07/04/2025 22:29,0,90.26,0,1,0,1,-107.29,49.35,0,FALSE
07/04/2025 22:29,0,90.26,0,1,0,1,-107.29,49.35,0,FALSE
07/04/2025 22:29,0,90.26,0,1,0,1,-107.29,49.35,0,FALSE
07/04/2025 22:29,0,90.26,0,1,0,1,-107.29,49.35,0,FALSE
07/04/2025 22:29,0,90.26,0,1,0,1,-107.29,49.35,0,FALSE
07/04/2025 22:29,0,90.26,0,1,0,1,-107.29,49.35,0,FALSE
07/04/2025 22:29,0,90.26,0,1,0,1,-107.29,49.35,0,FALSE
07/04/2025 22:29,0,90.26,0,1,0,1,-107.29,49.35,0,FALSE
07/04/2025 22:29,0,90.26,0,1,0,1,-107.29,49.35,0,FALSE
07/04/2025 22:29,0,90.26,0,1,0,1,-107.29,49.35,0,FALSE
07/04/2025 22:29,0,90.26,0,1,0,1,-107.29,49.35,0,FALSE
07/04/2025 22:29,0,90.26,0,1,0,1,-107.29,49.35,0,FALSE
07/04/2025 22:29,0,90.26,0,1,0,1,-107.29,49.35,0,FALSE
07/04/2025 22:29,0,90.26,0,1,0,1,-107.29,49.35,0,FALSE
07/04/2025 22:29,0,90.26,0,1,0,1,-107.29,49.35,0,FALSE
07/04/2025 22:29,0,90.26,0,1,0,1,-107.29,49.35,0,FALSE
07/04/2025 22:29,0,90.26,0,1,0,1,-107.29,49.35,0,FALSE
07/04/2025 22:29,0,90.26,0,1,0,1,-107.29,49.35,0,FALSE
07/04/2025 22:29,0,90.26,0,1,0,1,-107.29,49.35,0,FALSE
07/04/2025 22:29,0,90.26,0,1,0,1,-107.29,49.35,0,FALSE
07/04/2025 22:29,0,90.26,0,1,0,1,-107.29,49.35,0,FALSE
07/04/2025 22:29,0,90.26,0,1,0,1,-107.29,49.35,0,FALSE
07/04/2025 22:29,0,90.26,0,1,0,1,-107.29,49.31,0,FALSE
07/04/2025 22:29,2.07,90.26,0,1,0,1,-107.29,49.31,0,FALSE
07/04/2025 22:29,2.07,90.26,0,1,0,1,-107.29,49.31,0,FALSE
07/04/2025 22:29,2.07,90.17,0,1,0,1,-107.29,49.31,0,FALSE
07/04/2025 22:29,2.07,90.17,0.85,1,0,1,-107.29,49.31,0,FALSE
07/04/2025 22:29,2.07,90.17,0.85,0,0,1,-107.29,49.31,0,FALSE
07/04/2025 22:29,2.07,90.17,0.85,0,0,1,-107.26,45.92,0,FALSE
07/04/2025 22:29,17.39,90.17,0.85,0,0,1,-107.26,45.92,0,FALSE
07/04/2025 22:29,17.39,90.17,0.85,0,0,1,-107.26,45.92,0,FALSE
07/04/2025 22:29,17.39,90.17,0,0,0,1,-107.26,45.92,0,FALSE
07/04/2025 22:29,17.39,90.17,0,0.7,0,1,-107.26,45.92,0,FALSE
07/04/2025 22:29,17.39,90.17,0,0.7,0,1,-107.2,40.86,0,FALSE
07/04/2025 22:29,22.81,90.17,0,0.7,0,1,-107.2,40.86,0,FALSE
07/04/2025 22:29,22.81,90.17,0,0.7,0,1,-107.2,40.86,0,FALSE
07/04/2025 22:29,22.81,90.09,0,0.7,0,1,-107.2,40.86,0,FALSE
07/04/2025 22:29,22.81,90.09,0.85,0.7,0,1,-107.2,40.86,0,FALSE
07/04/2025 22:29,22.81,90.09,0.85,0,0,1,-107.2,40.86,0,FALSE
07/04/2025 22:29,22.81,90.09,0.85,0,0,1,-107.11,32.9,0,FALSE
07/04/2025 22:29,29.22,90.09,0.85,0,0,1,-107.11,32.9,0,FALSE
07/04/2025 22:29,29.22,90.09,0.85,0,0,1,-107.11,32.9,0,FALSE
07/04/2025 22:29,29.22,90.02,0.85,0,0,1,-107.11,32.9,0,FALSE
07/04/2025 22:29,29.22,90.02,0.73,0,0,1,-107.11,32.9,0,FALSE
07/04/2025 22:29,29.22,90.02,0.73,0,0,1,-107.02,24.59,0,FALSE
07/04/2025 22:29,28.65,90.02,0.73,0,0,1,-107.02,24.59,0,FALSE
07/04/2025 22:29,28.65,90.02,0.73,0,0,1,-107.02,24.59,0,FALSE
07/04/2025 22:29,28.65,89.98,0.73,0,0,1,-107.02,24.59,0,FALSE
07/04/2025 22:29,28.65,89.98,0.35,0,0,1,-107.02,24.59,0,FALSE
07/04/2025 22:29,28.65,89.98,0.35,0,0,1,-106.93,16.39,0,FALSE
07/04/2025 22:29,29.78,89.98,0.35,0,0,1,-106.93,16.39,0,FALSE
07/04/2025 22:29,29.78,89.96,0.35,0,0,1,-106.93,16.39,0,FALSE
07/04/2025 22:29,29.78,89.96,0.35,0,0,1,-106.93,16.39,0,FALSE
07/04/2025 22:29,29.78,89.96,0.25,0,0,1,-106.93,16.39,0,FALSE
07/04/2025 22:29,29.78,89.96,0.25,0,0,1,-106.83,8.21,0,FALSE
07/04/2025 22:29,28.33,89.96,0.25,0,0,1,-106.83,8.21,0,FALSE
07/04/2025 22:29,28.33,89.96,0.25,0,0,1,-106.83,8.21,0,FALSE
07/04/2025 22:29,28.33,89.9,0.25,0,0,1,-106.83,8.21,0,FALSE
07/04/2025 22:29,28.33,89.9,0.6,0,0,1,-106.83,8.21,0,FALSE
07/04/2025 22:29,28.33,89.9,0.6,0,0,1,-106.74,0.09,0,FALSE
07/04/2025 22:29,30.06,89.9,0.6,0,0,1,-106.74,0.09,0,FALSE
07/04/2025 22:29,30.06,89.9,0.6,0,0,1,-106.74,0.09,0,FALSE
07/04/2025 22:29,30.06,89.89,0.6,0,0,1,-106.74,0.09,0,FALSE
07/04/2025 22:29,30.06,89.89,0.08,0,0,1,-106.74,0.09,0,FALSE
07/04/2025 22:29,30.06,89.89,0.08,0,0,1,-106.65,-8.08,0,FALSE
07/04/2025 22:29,28.15,89.89,0.08,0,0,1,-106.65,-8.08,0,FALSE
07/04/2025 22:29,28.15,89.89,0.08,0,0,1,-106.65,-8.08,0,FALSE
07/04/2025 22:29,28.15,89.83,0.08,0,0,1,-106.65,-8.08,0,FALSE
07/04/2025 22:29,28.15,89.83,0.61,0,0,1,-106.65,-8.08,0,FALSE
07/04/2025 22:29,28.15,89.83,0.61,0,0,1,-106.56,-16.2,0,FALSE
07/04/2025 22:29,30,89.83,0.61,0,0,1,-106.56,-16.2,0,FALSE
07/04/2025 22:29,30,89.83,0.61,0,0,1,-106.56,-16.2,0,FALSE
07/04/2025 22:29,30,89.83,0,0,0,1,-106.56,-16.2,0,FALSE
07/04/2025 22:29,30,89.83,0,0.04,0,1,-106.56,-16.2,0,FALSE
07/04/2025 22:29,30,89.83,0,0.04,0,1,-106.25,-24.27,0,FALSE
07/04/2025 22:29,28.24,89.83,0,0.04,0,1,-106.25,-24.27,0,FALSE
07/04/2025 22:29,28.24,89.83,0,0.04,0,1,-106.25,-24.27,0,FALSE
07/04/2025 22:29,28.24,89.75,0,0.04,0,1,-106.25,-24.27,0,FALSE
07/04/2025 22:29,28.24,89.75,0.74,0.04,0,1,-106.25,-24.27,0,FALSE
07/04/2025 22:29,28.24,89.75,0.74,0,0,1,-106.25,-24.27,0,FALSE
07/04/2025 22:29,28.24,89.75,0.74,0,0.04,1,-106.25,-24.27,0,FALSE
07/04/2025 22:29,28.24,89.75,0.74,0,0.04,1,-104.95,-32.34,0,FALSE
07/04/2025 22:29,29.75,89.75,0.74,0,0.04,1,-104.95,-32.34,0,FALSE
07/04/2025 22:29,29.75,89.75,0.74,0,0.04,1,-104.95,-32.34,0,FALSE
07/04/2025 22:29,29.75,89.75,0.01,0,0.04,1,-104.95,-32.34,0,FALSE
07/04/2025 22:29,29.75,89.75,0.01,0,0.04,1,-102.25,-39.96,0,FALSE
07/04/2025 22:29,28.51,89.75,0.01,0,0.04,1,-102.25,-39.96,0,FALSE
07/04/2025 22:29,28.51,89.75,0.01,0,0.04,1,-102.25,-39.96,0,FALSE
07/04/2025 22:29,28.51,89.67,0.01,0,0.04,1,-102.25,-39.96,0,FALSE
07/04/2025 22:29,28.51,89.67,0.78,0,0.04,1,-102.25,-39.96,0,FALSE
07/04/2025 22:29,28.51,89.67,0.78,0,0.08,1,-102.25,-39.96,0,FALSE
07/04/2025 22:29,28.51,89.67,0.78,0,0.08,1,-98.16,-47.01,0,FALSE
07/04/2025 22:29,29.28,89.67,0.78,0,0.08,1,-98.16,-47.01,0,FALSE
07/04/2025 22:29,29.28,89.67,0.78,0,0.08,1,-98.16,-47.01,0,FALSE
07/04/2025 22:29,29.28,89.67,0.06,0,0.08,1,-98.16,-47.01,0,FALSE
07/04/2025 22:29,29.28,89.67,0.06,0,0.05,1,-98.16,-47.01,0,FALSE
07/04/2025 22:29,29.28,89.67,0.06,0,0.05,1,-92.7,-53.14,0,FALSE
07/04/2025 22:29,29.04,89.67,0.06,0,0.05,1,-92.7,-53.14,0,FALSE
07/04/2025 22:30,29.04,89.67,0.06,0,0.05,1,-92.7,-53.14,0,FALSE
07/04/2025 22:30,29.04,89.63,0.06,0,0.05,1,-92.7,-53.14,0,FALSE
07/04/2025 22:30,29.04,89.63,0.37,0,0.05,1,-92.7,-53.14,0,FALSE
07/04/2025 22:30,29.04,89.63,0.37,0,0.11,1,-92.7,-53.14,0,FALSE
07/04/2025 22:30,29.04,89.63,0.37,0,0.11,1,-86.63,-57.42,0,FALSE
07/04/2025 22:30,24.9,89.63,0.37,0,0.11,1,-86.63,-57.42,0,FALSE
07/04/2025 22:30,24.9,89.63,0.37,0,0.11,1,-86.63,-57.42,0,FALSE
07/04/2025 22:30,24.9,89.61,0.37,0,0.11,1,-86.63,-57.42,0,FALSE
07/04/2025 22:30,24.9,89.61,0.17,0,0.11,1,-86.63,-57.42,0,FALSE
07/04/2025 22:30,24.9,89.61,0.17,0,0.09,1,-86.63,-57.42,0,FALSE
07/04/2025 22:30,24.9,89.61,0.17,0,0.09,1,-80.58,-59.97,0,FALSE
07/04/2025 22:30,22.07,89.61,0.17,0,0.09,1,-80.58,-59.97,0,FALSE
07/04/2025 22:30,22.07,89.61,0.17,0,0.09,1,-80.58,-59.97,0,TRUE
07/04/2025 22:30,22.07,89.59,0.17,0,0.09,1,-80.58,-59.97,0,TRUE
07/04/2025 22:30,22.07,89.59,0.26,0,0.09,1,-80.58,-59.97,0,TRUE
07/04/2025 22:30,22.07,89.59,0.26,0,0.11,1,-80.58,-59.97,0,TRUE
07/04/2025 22:30,22.07,89.59,0.26,0,0.11,1,-74.93,-61.13,0,TRUE
07/04/2025 22:30,18.68,89.59,0.26,0,0.11,1,-74.93,-61.13,0,TRUE
07/04/2025 22:30,18.68,89.59,0.26,0,0.11,1,-74.93,-61.13,0,TRUE
07/04/2025 22:30,18.68,89.57,0.26,0,0.11,1,-74.93,-61.13,0,TRUE
07/04/2025 22:30,18.68,89.57,0.13,0,0.11,1,-74.93,-61.13,0,TRUE
07/04/2025 22:30,18.68,89.57,0.13,0,0.09,1,-74.93,-61.13,0,TRUE
07/04/2025 22:30,18.68,89.57,0.13,0,0.09,1,-70.38,-61.44,0,TRUE
07/04/2025 22:30,9.77,89.57,0.13,0,0.09,1,-70.38,-61.44,0,TRUE
07/04/2025 22:30,9.77,89.57,0.13,0,0.09,1,-70.38,-61.44,0,TRUE
07/04/2025 22:30,9.77,89.57,0,0,0.09,1,-70.38,-61.44,0,TRUE
07/04/2025 22:30,9.77,89.57,0,1,0.09,1,-70.38,-61.44,0,TRUE
07/04/2025 22:30,9.77,89.57,0,1,0.04,1,-70.38,-61.44,0,TRUE
07/04/2025 22:30,9.77,89.57,0,1,0.04,1,-69.78,-61.46,0,TRUE
07/04/2025 22:30,0,89.57,0,1,0.04,1,-69.78,-61.46,0,TRUE
07/04/2025 22:30,0,89.57,0,1,0.04,1,-69.78,-61.46,0,TRUE
07/04/2025 22:30,0,89.57,0,1,0.03,1,-69.78,-61.46,0,TRUE
07/04/2025 22:30,0,89.57,0,1,0.03,1,-69.78,-61.46,0,TRUE
07/04/2025 22:30,0,89.57,0,1,0.03,1,-69.78,-61.46,0,TRUE
07/04/2025 22:30,0,89.57,0,1,0.03,1,-69.78,-61.46,0,TRUE
07/04/2025 22:30,0,89.57,0,1,0.03,1,-69.78,-61.46,0,TRUE
07/04/2025 22:30,0,89.57,0,1,0.03,1,-69.78,-61.46,0,TRUE
07/04/2025 22:30,0,89.57,0,1,0.03,1,-69.78,-61.46,0,TRUE
07/04/2025 22:30,0,89.57,0,1,0.03,1,-69.78,-61.46,0,TRUE
07/04/2025 22:30,0,89.57,0,1,0.03,1,-69.78,-61.46,0,TRUE
07/04/2025 22:30,0,89.57,0,1,0.03,1,-69.78,-61.46,0,TRUE
07/04/2025 22:30,0,89.57,0,1,0.03,1,-69.78,-61.46,0,TRUE
07/04/2025 22:30,0,89.57,0,1,0.03,1,-69.78,-61.46,0,TRUE
07/04/2025 22:30,0,89.57,0,1,0.03,1,-69.78,-61.46,0,TRUE
07/04/2025 22:30,0,89.57,0,1,0.03,1,-69.78,-61.46,0,TRUE
07/04/2025 22:30,0,89.57,0,1,0.03,1,-69.78,-61.46,0,TRUE
07/04/2025 22:30,0,89.57,0,1,0.03,1,-69.78,-61.46,0,TRUE
07/04/2025 22:30,0,89.57,0,1,0.03,1,-69.78,-61.46,0,TRUE
07/04/2025 22:30,0,89.57,0,1,0.03,1,-69.78,-61.46,0,TRUE
07/04/2025 22:30,0,89.57,0,1,0.03,1,-69.78,-61.46,0,TRUE
07/04/2025 22:30,0,89.57,0,1,0.03,1,-69.78,-61.46,0,TRUE
07/04/2025 22:30,0,89.57,0,1,0.03,1,-69.78,-61.46,0,TRUE
07/04/2025 22:30,0,89.57,0,1,0.03,1,-69.28,-61.48,0,TRUE
07/04/2025 22:30,8.62,89.57,0,1,0.03,1,-69.28,-61.48,0,TRUE
07/04/2025 22:30,8.62,89.57,0,1,0.03,1,-69.28,-61.48,0,TRUE
07/04/2025 22:30,8.62,89.49,0,1,0.03,1,-69.28,-61.48,0,TRUE
07/04/2025 22:30,8.62,89.49,0.85,1,0.03,1,-69.28,-61.48,0,TRUE
07/04/2025 22:30,8.62,89.49,0.85,0,0.03,1,-69.28,-61.48,0,TRUE
07/04/2025 22:30,8.62,89.49,0.85,0,0.02,1,-69.28,-61.48,0,TRUE
07/04/2025 22:30,8.62,89.49,0.85,0,0.02,1,-64.78,-61.56,0,TRUE
07/04/2025 22:30,19.8,89.49,0.85,0,0.02,1,-64.78,-61.56,0,TRUE
07/04/2025 22:30,19.8,89.49,0.85,0,0.02,1,-64.78,-61.56,0,TRUE
07/04/2025 22:30,19.8,89.4,0.85,0,0.02,1,-64.78,-61.56,0,TRUE
07/04/2025 22:30,19.8,89.4,0.85,0,0.01,1,-64.78,-61.56,0,TRUE
07/04/2025 22:30,19.8,89.4,0.85,0,0.01,1,-57.14,-61.56,0,TRUE
07/04/2025 22:30,27.87,89.4,0.85,0,0.01,1,-57.14,-61.56,0,TRUE
07/04/2025 22:30,27.87,89.4,0.85,0,0.01,1,-57.14,-61.56,0,TRUE
07/04/2025 22:30,27.87,89.33,0.85,0,0.01,1,-57.14,-61.56,0,TRUE
07/04/2025 22:30,27.87,89.33,0.72,0,0.01,1,-57.14,-61.56,0,TRUE
07/04/2025 22:30,27.87,89.33,0.72,0,0,1,-57.14,-61.56,0,TRUE
07/04/2025 22:30,30.19,89.33,0.72,0,0,1,-57.14,-61.56,0,TRUE
07/04/2025 22:30,30.19,89.33,0.72,0,0,1,-48.93,-61.5,0,TRUE
07/04/2025 22:30,30.19,89.33,0.72,0,0,1,-48.93,-61.5,0,TRUE
07/04/2025 22:30,30.19,89.33,0.05,0,0,1,-48.93,-61.5,0,TRUE
07/04/2025 22:30,30.19,89.33,0.05,0,0,1,-40.9,-61.42,0,TRUE
07/04/2025 22:30,28.13,89.33,0.05,0,0,1,-40.9,-61.42,0,TRUE
07/04/2025 22:30,28.13,89.33,0.05,0,0,1,-40.9,-61.42,0,TRUE
07/04/2025 22:30,28.13,89.26,0.05,0,0,1,-40.9,-61.42,0,TRUE
07/04/2025 22:30,28.13,89.26,0.63,0,0,1,-40.9,-61.42,0,TRUE
07/04/2025 22:30,28.13,89.26,0.63,0,0,1,-32.65,-61.33,0,TRUE
07/04/2025 22:30,29.85,89.26,0.63,0,0,1,-32.65,-61.33,0,TRUE
07/04/2025 22:30,29.85,89.26,0.63,0,0,1,-32.65,-61.33,0,TRUE
07/04/2025 22:30,29.85,89.26,0,0,0,1,-32.65,-61.33,0,TRUE
07/04/2025 22:30,29.85,89.26,0,0.04,0,1,-32.65,-61.33,0,TRUE
07/04/2025 22:30,29.85,89.26,0,0.04,0,1,-24.5,-61.25,0,TRUE
07/04/2025 22:30,28.52,89.26,0,0.04,0,1,-24.5,-61.25,0,TRUE
07/04/2025 22:30,28.52,89.26,0,0.04,0,1,-24.5,-61.25,0,TRUE
07/04/2025 22:30,28.52,89.19,0,0.04,0,1,-24.5,-61.25,0,TRUE
07/04/2025 22:30,28.52,89.19,0.74,0.04,0,1,-24.5,-61.25,0,TRUE
07/04/2025 22:30,28.52,89.19,0.74,0,0,1,-24.5,-61.25,0,TRUE
07/04/2025 22:30,28.52,89.19,0.74,0,0,1,-16.36,-61.17,0,TRUE
07/04/2025 22:30,28.52,89.19,0.74,0,0,1,-16.36,-61.17,0,TRUE
07/04/2025 22:30,29.43,89.19,0.74,0,0,1,-16.36,-61.17,0,TRUE
07/04/2025 22:30,29.43,89.19,0,0,0,1,-16.36,-61.17,0,TRUE
07/04/2025 22:30,29.43,89.19,0,0.03,0,1,-16.36,-61.17,0,TRUE
07/04/2025 22:30,29.43,89.19,0,0.03,0,1,-8.27,-61.08,0,TRUE
07/04/2025 22:30,28.58,89.19,0,0.03,0,1,-8.27,-61.08,0,TRUE
07/04/2025 22:30,28.58,89.19,0,0.03,0,1,-8.27,-61.08,0,TRUE
07/04/2025 22:30,28.58,89.11,0,0.03,0,1,-8.27,-61.08,0,TRUE
07/04/2025 22:30,28.58,89.11,0.77,0.03,0,1,-8.27,-61.08,0,TRUE
07/04/2025 22:30,28.58,89.11,0.77,0,0,1,-8.27,-61.08,0,TRUE
07/04/2025 22:30,28.58,89.11,0.77,0,0,1,-0.13,-60.98,0,TRUE
07/04/2025 22:30,29.32,89.11,0.77,0,0,1,-0.13,-60.98,0,TRUE
07/04/2025 22:30,29.32,89.11,0.77,0,0,1,-0.13,-60.98,0,TRUE
07/04/2025 22:30,29.32,89.11,0.08,0,0,1,-0.13,-60.98,0,TRUE
07/04/2025 22:30,29.32,89.11,0.08,0,0,1,7.96,-60.92,0,TRUE
07/04/2025 22:30,29.04,89.11,0.08,0,0,1,7.96,-60.92,0,TRUE
07/04/2025 22:30,29.04,89.11,0.08,0,0,1,7.96,-60.92,0,TRUE
07/04/2025 22:30,29.04,89.04,0.08,0,0,1,7.96,-60.92,0,TRUE
07/04/2025 22:30,29.04,89.04,0.64,0,0,1,7.96,-60.92,0,TRUE
07/04/2025 22:30,29.04,89.04,0.64,0,0,1,16.14,-60.91,0,TRUE
07/04/2025 22:30,28.83,89.04,0.64,0,0,1,16.14,-60.91,0,TRUE
07/04/2025 22:30,28.83,89.04,0.64,0,0,1,16.14,-60.91,0,FALSE
07/04/2025 22:30,28.83,89.01,0.64,0,0,1,16.14,-60.91,0,FALSE
07/04/2025 22:30,28.83,89.01,0.27,0,0,1,16.14,-60.91,0,FALSE
07/04/2025 22:30,28.83,89.01,0.27,0,0,1,24.24,-60.91,0,FALSE
07/04/2025 22:30,29.63,89.01,0.27,0,0,1,24.24,-60.91,0,FALSE
07/04/2025 22:30,29.63,89.01,0.27,0,0,1,24.24,-60.91,0,FALSE
07/04/2025 22:30,29.63,88.97,0.27,0,0,1,24.24,-60.91,0,FALSE
07/04/2025 22:30,29.63,88.97,0.49,0,0,1,24.24,-60.91,0,FALSE
07/04/2025 22:30,29.63,88.97,0.49,0,0,1,32.51,-60.91,0,FALSE
07/04/2025 22:30,28.3,88.97,0.49,0,0,1,32.51,-60.91,0,FALSE
07/04/2025 22:30,28.3,88.97,0.49,0,0,1,32.51,-60.91,0,FALSE
07/04/2025 22:30,28.3,88.92,0.49,0,0,1,32.51,-60.91,0,FALSE
07/04/2025 22:30,28.3,88.92,0.43,0,0,1,32.51,-60.91,0,FALSE
07/04/2025 22:30,28.3,88.92,0.43,0,0,1,40.65,-60.91,0,FALSE
07/04/2025 22:30,30.01,88.92,0.43,0,0,1,40.65,-60.91,0,FALSE
07/04/2025 22:30,30.01,88.92,0.43,0,0,1,40.65,-60.91,0,FALSE
07/04/2025 22:30,30.01,88.92,0.07,0,0,1,40.65,-60.91,0,FALSE
07/04/2025 22:30,30.01,88.92,0.07,0,0,1,48.87,-60.92,0,FALSE
07/04/2025 22:30,28.18,88.92,0.07,0,0,1,48.87,-60.92,0,FALSE
07/04/2025 22:30,28.18,88.92,0.07,0,0,1,48.87,-60.92,0,FALSE
07/04/2025 22:30,28.18,88.84,0.07,0,0,1,48.87,-60.92,0,FALSE
07/04/2025 22:30,28.18,88.84,0.72,0,0,1,48.87,-60.92,0,FALSE
07/04/2025 22:30,28.18,88.84,0.72,0,0,1,57.1,-60.92,0,FALSE
07/04/2025 22:30,30.34,88.84,0.72,0,0,1,57.1,-60.92,0,FALSE
07/04/2025 22:30,30.34,88.84,0.72,0,0,1,57.1,-60.92,0,FALSE
07/04/2025 22:30,30.34,88.84,0,0,0,1,57.1,-60.92,0,FALSE
07/04/2025 22:30,30.34,88.84,0,0.17,0,1,57.1,-60.92,0,FALSE
07/04/2025 22:30,30.34,88.84,0,0.17,0,1,65.32,-60.8,0,FALSE
07/04/2025 22:30,28.17,88.84,0,0.17,0,1,65.32,-60.8,0,FALSE
07/04/2025 22:30,28.17,88.84,0,0.17,0,1,65.32,-60.8,0,FALSE
07/04/2025 22:30,28.17,88.76,0,0.17,0,1,65.32,-60.8,0,FALSE
07/04/2025 22:30,28.17,88.76,0.79,0.17,0,1,65.32,-60.8,0,FALSE
07/04/2025 22:30,28.17,88.76,0.79,0,0,1,65.32,-60.8,0,FALSE
07/04/2025 22:30,28.17,88.76,0.79,0,0.04,1,65.32,-60.8,0,FALSE
07/04/2025 22:30,29.65,88.76,0.79,0,0.04,1,65.32,-60.8,0,FALSE
07/04/2025 22:30,29.65,88.76,0.79,0,0.04,1,73.46,-59.8,0,FALSE
07/04/2025 22:30,29.65,88.76,0,0,0.04,1,73.46,-59.8,0,FALSE
07/04/2025 22:30,29.65,88.76,0,0,0.04,1,73.46,-59.8,0,FALSE
07/04/2025 22:30,29.65,88.76,0,0.07,0.04,1,73.46,-59.8,0,FALSE
07/04/2025 22:30,29.65,88.76,0,0.07,0.12,1,73.46,-59.8,0,FALSE
07/04/2025 22:30,29.65,88.76,0,0.07,0.12,1,81.19,-57.15,0,FALSE
07/04/2025 22:30,28.79,88.76,0,0.07,0.12,1,81.19,-57.15,0,FALSE
07/04/2025 22:30,28.79,88.76,0,0.07,0.12,1,81.19,-57.15,0,FALSE
07/04/2025 22:30,28.79,88.69,0,0.07,0.12,1,81.19,-57.15,0,FALSE
07/04/2025 22:30,28.79,88.69,0.73,0.07,0.12,1,81.19,-57.15,0,FALSE
07/04/2025 22:30,28.79,88.69,0.73,0,0.12,1,81.19,-57.15,0,FALSE
07/04/2025 22:30,28.79,88.69,0.73,0,0.06,1,81.19,-57.15,0,FALSE
07/04/2025 22:30,28.79,88.69,0.73,0,0.06,1,88.17,-52.91,0,FALSE
07/04/2025 22:30,29.05,88.69,0.73,0,0.06,1,88.17,-52.91,0,FALSE
07/04/2025 22:30,29.05,88.69,0.73,0,0.06,1,88.17,-52.91,0,FALSE
07/04/2025 22:30,29.05,88.68,0.73,0,0.06,1,88.17,-52.91,0,FALSE
07/04/2025 22:30,29.05,88.68,0.14,0,0.06,1,88.17,-52.91,0,FALSE
07/04/2025 22:30,29.05,88.68,0.14,0,0.12,1,88.17,-52.91,0,FALSE
07/04/2025 22:30,29.05,88.68,0.14,0,0.12,1,94.05,-47.23,0,FALSE
07/04/2025 22:30,29.45,88.68,0.14,0,0.12,1,94.05,-47.23,0,FALSE
07/04/2025 22:30,29.45,88.68,0.14,0,0.12,1,94.05,-47.23,0,FALSE
07/04/2025 22:30,29.45,88.63,0.14,0,0.12,1,94.05,-47.23,0,FALSE
07/04/2025 22:30,29.45,88.63,0.43,0,0.12,1,94.05,-47.23,0,FALSE
07/04/2025 22:30,29.45,88.63,0.43,0,0.06,1,94.05,-47.23,0,FALSE
07/04/2025 22:30,29.45,88.63,0.43,0,0.06,1,98.6,-40.36,0,FALSE
07/04/2025 22:30,28.55,88.63,0.43,0,0.06,1,98.6,-40.36,0,FALSE
07/04/2025 22:30,28.55,88.6,0.43,0,0.06,1,98.6,-40.36,0,FALSE
07/04/2025 22:30,28.55,88.6,0.43,0,0.06,1,98.6,-40.36,0,FALSE
07/04/2025 22:30,28.55,88.6,0.33,0,0.06,1,98.6,-40.36,0,FALSE
07/04/2025 22:30,28.55,88.6,0.33,0,0.12,1,98.6,-40.36,0,FALSE
07/04/2025 22:30,28.55,88.6,0.33,0,0.12,1,101.51,-32.8,0,FALSE
07/04/2025 22:30,29.81,88.6,0.33,0,0.12,1,101.51,-32.8,0,FALSE
07/04/2025 22:30,29.81,88.6,0.33,0,0.12,1,101.51,-32.8,0,FALSE
07/04/2025 22:30,29.81,88.56,0.33,0,0.12,1,101.51,-32.8,0,FALSE
07/04/2025 22:30,29.81,88.56,0.42,0,0.12,1,101.51,-32.8,0,FALSE
07/04/2025 22:30,29.81,88.56,0.42,0,0.09,1,101.51,-32.8,0,FALSE
07/04/2025 22:30,29.81,88.56,0.42,0,0.09,1,102.69,-25.27,0,FALSE
07/04/2025 22:30,25.47,88.56,0.42,0,0.09,1,102.69,-25.27,0,FALSE
07/04/2025 22:30,25.47,88.56,0.42,0,0.09,1,102.69,-25.27,0,FALSE
07/04/2025 22:30,25.47,88.55,0.42,0,0.09,1,102.69,-25.27,0,FALSE
07/04/2025 22:30,25.47,88.55,0.06,0,0.09,1,102.69,-25.27,0,FALSE
07/04/2025 22:30,25.47,88.55,0.06,0,0.04,1,102.69,-25.27,0,FALSE
07/04/2025 22:30,22.18,88.55,0.06,0,0.04,1,102.69,-25.27,0,FALSE
07/04/2025 22:30,22.18,88.55,0.06,0,0.04,1,102.9,-18.72,0,FALSE
07/04/2025 22:30,22.18,88.51,0.06,0,0.04,1,102.9,-18.72,0,FALSE
07/04/2025 22:30,22.18,88.51,0.06,0,0.04,1,102.9,-18.72,0,FALSE
07/04/2025 22:30,22.18,88.51,0.44,0,0.04,1,102.9,-18.72,0,FALSE
07/04/2025 22:30,22.18,88.51,0.44,0,0.02,1,102.9,-18.72,0,FALSE
07/04/2025 22:30,22.18,88.51,0.44,0,0.02,1,102.92,-12.79,0,FALSE
07/04/2025 22:30,19.07,88.51,0.44,0,0.02,1,102.92,-12.79,0,FALSE
07/04/2025 22:30,19.07,88.51,0.44,0,0.02,1,102.92,-12.79,0,FALSE
07/04/2025 22:30,19.07,88.51,0.02,0,0.02,1,102.92,-12.79,0,FALSE
07/04/2025 22:30,19.07,88.51,0.02,0,0.01,1,102.92,-12.79,0,FALSE
07/04/2025 22:30,19.07,88.51,0.02,0,0.01,1,102.91,-8.41,0,FALSE
07/04/2025 22:30,8.97,88.51,0.02,0,0.01,1,102.91,-8.41,0,FALSE
07/04/2025 22:30,8.97,88.51,0.02,0,0.01,1,102.91,-8.41,0,FALSE
07/04/2025 22:30,8.97,88.51,0,0,0.01,1,102.91,-8.41,0,FALSE
07/04/2025 22:30,8.97,88.51,0,1,0.01,1,102.91,-8.41,0,FALSE
07/04/2025 22:30,8.97,88.51,0,1,0,1,102.91,-8.41,0,FALSE
07/04/2025 22:30,8.97,88.51,0,1,0,1,102.9,-7.88,0,FALSE
07/04/2025 22:30,0,88.51,0,1,0,1,102.9,-7.88,0,FALSE
07/04/2025 22:30,0,88.51,0,1,0,1,102.9,-7.88,0,FALSE
07/04/2025 22:30,0,88.51,0,1,0,1,102.9,-7.88,0,FALSE
07/04/2025 22:30,0,88.51,0,1,0,1,102.9,-7.88,0,FALSE
07/04/2025 22:30,0,88.51,0,1,0,1,102.9,-6.57,0,FALSE
07/04/2025 22:30,13.94,88.51,0,1,0,1,102.9,-6.57,0,FALSE
07/04/2025 22:30,13.94,88.42,0,1,0,1,102.9,-6.57,0,FALSE
07/04/2025 22:30,13.94,88.42,0,1,0,1,102.9,-6.57,0,FALSE
07/04/2025 22:30,13.94,88.42,0.85,1,0,1,102.9,-6.57,0,FALSE
07/04/2025 22:30,13.94,88.42,0.85,0,0,1,102.9,-6.57,0,FALSE
07/04/2025 22:30,13.94,88.42,0.85,0,0,1,102.87,-1.71,0,FALSE
07/04/2025 22:30,21.09,88.42,0.85,0,0,1,102.87,-1.71,0,FALSE
07/04/2025 22:30,21.09,88.42,0.85,0,0,1,102.87,-1.71,0,FALSE
07/04/2025 22:30,21.09,88.34,0.85,0,0,1,102.87,-1.71,0,FALSE
07/04/2025 22:30,21.09,88.34,0.85,0,0,1,102.82,6.09,0,FALSE
07/04/2025 22:30,28.15,88.34,0.85,0,0,1,102.82,6.09,0,FALSE
07/04/2025 22:30,28.15,88.34,0.85,0,0,1,102.82,6.09,0,FALSE
07/04/2025 22:30,28.15,88.25,0.85,0,0,1,102.82,6.09,0,FALSE
07/04/2025 22:30,28.15,88.25,0.83,0,0,1,102.82,6.09,0,FALSE
07/04/2025 22:30,28.15,88.25,0.83,0,0,1,102.77,14.34,0,FALSE
07/04/2025 22:30,29.78,88.25,0.83,0,0,1,102.77,14.34,0,FALSE
07/04/2025 22:30,29.78,88.25,0.83,0,0,1,102.77,14.34,0,FALSE
07/04/2025 22:30,29.78,88.25,0,0,0,1,102.77,14.34,0,FALSE
07/04/2025 22:30,29.78,88.25,0,0.07,0,1,102.77,14.34,0,FALSE
07/04/2025 22:30,29.78,88.25,0,0.07,0,1,102.71,22.35,0,FALSE
07/04/2025 22:30,28.7,88.25,0,0.07,0,1,102.71,22.35,0,FALSE
07/04/2025 22:30,28.7,88.25,0,0.07,0,1,102.71,22.35,0,FALSE
07/04/2025 22:30,28.7,88.18,0,0.07,0,1,102.71,22.35,0,FALSE
07/04/2025 22:30,28.7,88.18,0.72,0.07,0,1,102.71,22.35,0,FALSE
07/04/2025 22:30,28.7,88.18,0.72,0,0,1,102.71,22.35,0,FALSE
07/04/2025 22:30,28.7,88.18,0.72,0,0,1,102.66,30.58,0,FALSE
07/04/2025 22:30,29.16,88.18,0.72,0,0,1,102.66,30.58,0,FALSE
07/04/2025 22:30,29.16,88.18,0.72,0,0,1,102.66,30.58,0,FALSE
07/04/2025 22:30,29.16,88.18,0.01,0,0,1,102.66,30.58,0,FALSE
07/04/2025 22:30,29.16,88.18,0.01,0,0,1,102.6,38.74,0,FALSE
07/04/2025 22:30,29.29,88.18,0.01,0,0,1,102.6,38.74,0,FALSE
07/04/2025 22:30,29.29,88.18,0.01,0,0,1,102.6,38.74,0,FALSE
07/04/2025 22:30,29.29,88.12,0.01,0,0,1,102.6,38.74,0,FALSE
07/04/2025 22:30,29.29,88.12,0.6,0,0,1,102.6,38.74,0,FALSE
07/04/2025 22:30,29.29,88.12,0.6,0,0,1,102.55,46.99,0,FALSE
07/04/2025 22:30,28.63,88.12,0.6,0,0,1,102.55,46.99,0,FALSE
07/04/2025 22:30,28.63,88.12,0.6,0,0,1,102.55,46.99,0,FALSE
07/04/2025 22:30,28.63,88.09,0.6,0,0,1,102.55,46.99,0,FALSE
07/04/2025 22:30,28.63,88.09,0.32,0,0,1,102.55,46.99,0,FALSE
07/04/2025 22:30,28.63,88.09,0.32,0,0,1,102.49,55.2,0,FALSE
07/04/2025 22:30,29.88,88.09,0.32,0,0,1,102.49,55.2,0,FALSE
07/04/2025 22:30,29.88,88.05,0.32,0,0,1,102.49,55.2,0,FALSE
07/04/2025 22:30,29.88,88.05,0.32,0,0,1,102.49,55.2,0,FALSE
07/04/2025 22:30,29.88,88.05,0.44,0,0,1,102.49,55.2,0,FALSE
07/04/2025 22:30,29.88,88.05,0.44,0,0,1,102.43,63.43,0,FALSE
07/04/2025 22:30,28.3,88.05,0.44,0,0,1,102.43,63.43,0,FALSE
07/04/2025 22:30,28.3,88.05,0.44,0,0,1,102.43,63.43,0,FALSE
07/04/2025 22:30,28.3,88,0.44,0,0,1,102.43,63.43,0,FALSE
07/04/2025 22:30,28.3,88,0.48,0,0,1,102.43,63.43,0,FALSE
07/04/2025 22:30,28.3,88,0.48,0,0,1,102.38,71.6,0,FALSE
07/04/2025 22:30,30.02,88,0.48,0,0,1,102.38,71.6,0,FALSE
07/04/2025 22:30,30.02,88,0.48,0,0,1,102.38,71.6,0,FALSE
07/04/2025 22:30,30.02,87.99,0.48,0,0,1,102.38,71.6,0,FALSE
07/04/2025 22:30,30.02,87.99,0.09,0,0,1,102.38,71.6,0,FALSE
07/04/2025 22:30,30.02,87.99,0.09,0,0,1,102.32,79.77,0,FALSE
07/04/2025 22:30,28.22,87.99,0.09,0,0,1,102.32,79.77,0,FALSE
07/04/2025 22:30,28.22,87.99,0.09,0,0,1,102.32,79.77,0,FALSE
07/04/2025 22:30,28.22,87.92,0.09,0,0,1,102.32,79.77,0,FALSE
07/04/2025 22:30,28.22,87.92,0.73,0,0,1,102.32,79.77,0,FALSE
07/04/2025 22:30,28.22,87.92,0.73,0,0,1,102.26,87.95,0,FALSE
07/04/2025 22:30,29.78,87.92,0.73,0,0,1,102.26,87.95,0,FALSE
07/04/2025 22:30,29.78,87.92,0.73,0,0,1,102.26,87.95,0,FALSE
07/04/2025 22:30,29.78,87.92,0.01,0,0,1,102.26,87.95,0,FALSE
07/04/2025 22:30,29.78,87.92,0.01,0,0,1,101.87,96.1,0,FALSE
07/04/2025 22:30,28.33,87.92,0.01,0,0,1,101.87,96.1,0,FALSE
07/04/2025 22:31,28.33,87.92,0.01,0,0,1,101.87,96.1,0,FALSE
07/04/2025 22:31,28.33,87.84,0.01,0,0,1,101.87,96.1,0,FALSE
07/04/2025 22:31,28.33,87.84,0.8,0,0,1,101.87,96.1,0,FALSE
07/04/2025 22:31,28.33,87.84,0.8,0,0.09,1,101.87,96.1,0,FALSE
07/04/2025 22:31,28.33,87.84,0.8,0,0.09,1,100.35,104.28,0,FALSE
07/04/2025 22:31,29.9,87.84,0.8,0,0.09,1,100.35,104.28,0,FALSE
07/04/2025 22:31,29.9,87.84,0.8,0,0.09,1,100.35,104.28,0,FALSE
07/04/2025 22:31,29.9,87.84,0,0,0.09,1,100.35,104.28,0,FALSE
07/04/2025 22:31,29.9,87.84,0,0.14,0.09,1,100.35,104.28,0,FALSE
07/04/2025 22:31,29.9,87.84,0,0.14,0.06,1,100.35,104.28,0,FALSE
07/04/2025 22:31,29.9,87.84,0,0.14,0.06,1,97.54,111.82,0,FALSE
07/04/2025 22:31,28.28,87.84,0,0.14,0.06,1,97.54,111.82,0,FALSE
07/04/2025 22:31,28.28,87.84,0,0.14,0.06,1,97.54,111.82,0,FALSE
07/04/2025 22:31,28.28,87.75,0,0.14,0.06,1,97.54,111.82,0,FALSE
07/04/2025 22:31,28.28,87.75,0.84,0.14,0.06,1,97.54,111.82,0,FALSE
07/04/2025 22:31,28.28,87.75,0.84,0,0.06,1,97.54,111.82,0,FALSE
07/04/2025 22:31,28.28,87.75,0.84,0,0.04,1,97.54,111.82,0,FALSE
07/04/2025 22:31,28.28,87.75,0.84,0,0.04,1,93.34,118.97,0,FALSE
07/04/2025 22:31,29.9,87.75,0.84,0,0.04,1,93.34,118.97,0,FALSE
07/04/2025 22:31,29.9,87.75,0.84,0,0.04,1,93.34,118.97,0,FALSE
07/04/2025 22:31,29.9,87.75,0,0,0.04,1,93.34,118.97,0,FALSE
07/04/2025 22:31,29.9,87.75,0,0.2,0.04,1,93.34,118.97,0,FALSE
07/04/2025 22:31,29.9,87.75,0,0.2,0.08,1,93.34,118.97,0,FALSE
07/04/2025 22:31,29.9,87.75,0,0.2,0.08,1,87.98,125.05,0,FALSE
07/04/2025 22:31,27.83,87.75,0,0.2,0.08,1,87.98,125.05,0,FALSE
07/04/2025 22:31,27.83,87.75,0,0.2,0.08,1,87.98,125.05,0,FALSE
07/04/2025 22:31,27.83,87.67,0,0.2,0.08,1,87.98,125.05,0,FALSE
07/04/2025 22:31,27.83,87.67,0.85,0.2,0.08,1,87.98,125.05,0,FALSE
07/04/2025 22:31,27.83,87.67,0.85,0,0.08,1,87.98,125.05,0,FALSE
07/04/2025 22:31,27.83,87.67,0.85,0,0.07,1,87.98,125.05,0,FALSE
07/04/2025 22:31,30.06,87.67,0.85,0,0.07,1,87.98,125.05,0,FALSE
07/04/2025 22:31,30.06,87.67,0.85,0,0.07,1,81.25,129.82,0,FALSE
07/04/2025 22:31,30.06,87.67,0.85,0,0.07,1,81.25,129.82,0,FALSE
07/04/2025 22:31,30.06,87.67,0,0,0.07,1,81.25,129.82,0,FALSE
07/04/2025 22:31,30.06,87.67,0,0.07,0.07,1,81.25,129.82,0,FALSE
07/04/2025 22:31,30.06,87.67,0,0.07,0.1,1,81.25,129.82,0,FALSE
07/04/2025 22:31,30.06,87.67,0,0.07,0.1,1,73.71,132.81,0,FALSE
07/04/2025 22:31,28.37,87.67,0,0.07,0.1,1,73.71,132.81,0,FALSE
07/04/2025 22:31,28.37,87.59,0,0.07,0.1,1,73.71,132.81,0,FALSE
07/04/2025 22:31,28.37,87.59,0,0.07,0.1,1,73.71,132.81,0,FALSE
07/04/2025 22:31,28.37,87.59,0.75,0.07,0.1,1,73.71,132.81,0,FALSE
07/04/2025 22:31,28.37,87.59,0.75,0,0.1,1,73.71,132.81,0,FALSE
07/04/2025 22:31,28.37,87.59,0.75,0,0.07,1,73.71,132.81,0,FALSE
07/04/2025 22:31,28.37,87.59,0.75,0,0.07,1,65.61,133.97,0,FALSE
07/04/2025 22:31,29.72,87.59,0.75,0,0.07,1,65.61,133.97,0,FALSE
07/04/2025 22:31,29.72,87.59,0.75,0,0.07,1,65.61,133.97,0,FALSE
07/04/2025 22:31,29.72,87.59,0,0,0.07,1,65.61,133.97,0,FALSE
07/04/2025 22:31,29.72,87.59,0,0.1,0.07,1,65.61,133.97,0,FALSE
07/04/2025 22:31,29.72,87.59,0,0.1,0.04,1,65.61,133.97,0,FALSE
07/04/2025 22:31,29.72,87.59,0,0.1,0.04,1,57.48,134.12,0,FALSE
07/04/2025 22:31,28.42,87.59,0,0.1,0.04,1,57.48,134.12,0,FALSE
07/04/2025 22:31,28.42,87.59,0,0.1,0.04,1,57.48,134.12,0,FALSE
07/04/2025 22:31,28.42,87.51,0,0.1,0.04,1,57.48,134.12,0,FALSE
07/04/2025 22:31,28.42,87.51,0.77,0.1,0.04,1,57.48,134.12,0,FALSE
07/04/2025 22:31,28.42,87.51,0.77,0,0.04,1,57.48,134.12,0,FALSE
07/04/2025 22:31,28.42,87.51,0.77,0,0.01,1,57.48,134.12,0,FALSE
07/04/2025 22:31,28.42,87.51,0.77,0,0.01,1,49.32,134.11,0,FALSE
07/04/2025 22:31,29.72,87.51,0.77,0,0.01,1,49.32,134.11,0,FALSE
07/04/2025 22:31,29.72,87.51,0.77,0,0.01,1,49.32,134.11,0,FALSE
07/04/2025 22:31,29.72,87.51,0,0,0.01,1,49.32,134.11,0,FALSE
07/04/2025 22:31,29.72,87.51,0,0.08,0.01,1,49.32,134.11,0,FALSE
07/04/2025 22:31,29.72,87.51,0,0.08,0,1,49.32,134.11,0,FALSE
07/04/2025 22:31,29.72,87.51,0,0.08,0,1,41.11,134.08,0,FALSE
07/04/2025 22:31,28.59,87.51,0,0.08,0,1,41.11,134.08,0,FALSE
07/04/2025 22:31,28.59,87.51,0,0.08,0,1,41.11,134.08,0,FALSE
07/04/2025 22:31,28.59,87.44,0,0.08,0,1,41.11,134.08,0,FALSE
07/04/2025 22:31,28.59,87.44,0.78,0.08,0,1,41.11,134.08,0,FALSE
07/04/2025 22:31,28.59,87.44,0.78,0,0,1,41.11,134.08,0,FALSE
07/04/2025 22:31,28.59,87.44,0.78,0,0,1,32.9,134.04,0,FALSE
07/04/2025 22:31,29.68,87.44,0.78,0,0,1,32.9,134.04,0,FALSE
07/04/2025 22:31,29.68,87.44,0.78,0,0,1,32.9,134.04,0,FALSE
07/04/2025 22:31,29.68,87.44,0,0,0,1,32.9,134.04,0,FALSE
07/04/2025 22:31,29.68,87.44,0,0.06,0,1,32.9,134.04,0,FALSE
07/04/2025 22:31,29.68,87.44,0,0.06,0,1,24.73,133.99,0,FALSE
07/04/2025 22:31,28.72,87.44,0,0.06,0,1,24.73,133.99,0,FALSE
07/04/2025 22:31,28.72,87.44,0,0.06,0,1,24.73,133.99,0,FALSE
07/04/2025 22:31,28.72,87.36,0,0.06,0,1,24.73,133.99,0,FALSE
07/04/2025 22:31,28.72,87.36,0.74,0.06,0,1,24.73,133.99,0,FALSE
07/04/2025 22:31,28.72,87.36,0.74,0,0,1,24.73,133.99,0,FALSE
07/04/2025 22:31,28.72,87.36,0.74,0,0,1,16.51,133.93,0,FALSE
07/04/2025 22:31,29.05,87.36,0.74,0,0,1,16.51,133.93,0,FALSE
07/04/2025 22:31,29.05,87.36,0.74,0,0,1,16.51,133.93,0,FALSE
07/04/2025 22:31,29.05,87.35,0.74,0,0,1,16.51,133.93,0,FALSE
07/04/2025 22:31,29.05,87.35,0.1,0,0,1,16.51,133.93,0,FALSE
07/04/2025 22:31,29.05,87.35,0.1,0,0,1,8.4,133.81,0,FALSE
07/04/2025 22:31,29.05,87.35,0.1,0,0,1,8.4,133.81,0,FALSE
07/04/2025 22:31,29.19,87.35,0.1,0,0,1,8.4,133.81,0,FALSE
07/04/2025 22:31,29.19,87.29,0.1,0,0,1,8.4,133.81,0,FALSE
07/04/2025 22:31,29.19,87.29,0.62,0,0,1,8.4,133.81,0,FALSE
07/04/2025 22:31,29.19,87.29,0.62,0,0,1,0.11,133.72,0,FALSE
07/04/2025 22:31,28.74,87.29,0.62,0,0,1,0.11,133.72,0,FALSE
07/04/2025 22:31,28.74,87.29,0.62,0,0,1,0.11,133.72,0,FALSE
07/04/2025 22:31,28.74,87.26,0.62,0,0,1,0.11,133.72,0,FALSE
07/04/2025 22:31,28.74,87.26,0.29,0,0,1,0.11,133.72,0,FALSE
07/04/2025 22:31,28.74,87.26,0.29,0,0,1,-7.53,133.67,0,FALSE
07/04/2025 22:31,25.82,87.26,0.29,0,0,1,-7.53,133.67,0,FALSE
07/04/2025 22:31,25.82,87.26,0.29,0,0,1,-7.53,133.67,0,FALSE
07/04/2025 22:31,25.82,87.24,0.29,0,0,1,-7.53,133.67,0,FALSE
07/04/2025 22:31,25.82,87.24,0.19,0,0,1,-7.53,133.67,0,FALSE
07/04/2025 22:31,25.82,87.24,0.19,0,0,1,-14.25,133.62,0,FALSE
07/04/2025 22:31,21.49,87.24,0.19,0,0,1,-14.25,133.62,0,FALSE
07/04/2025 22:31,21.49,87.24,0.19,0,0,1,-14.25,133.62,0,FALSE
07/04/2025 22:31,21.49,87.2,0.19,0,0,1,-14.25,133.62,0,FALSE
07/04/2025 22:31,21.49,87.2,0.39,0,0,1,-14.25,133.62,0,FALSE
07/04/2025 22:31,21.49,87.2,0.39,0,0,1,-19.95,133.59,0,FALSE
07/04/2025 22:31,19.74,87.2,0.39,0,0,1,-19.95,133.59,0,FALSE
07/04/2025 22:31,19.74,87.2,0.39,0,0,1,-19.95,133.59,0,FALSE
07/04/2025 22:31,19.74,87.2,0,0,0,1,-19.95,133.59,0,FALSE
07/04/2025 22:31,19.74,87.2,0,1,0,1,-19.95,133.59,0,FALSE
07/04/2025 22:31,19.74,87.2,0,1,0,1,-21.05,133.58,0,FALSE
07/04/2025 22:31,0,87.2,0,1,0,1,-21.05,133.58,0,FALSE
07/04/2025 22:31,0,87.2,0,1,0,1,-21.05,133.58,0,FALSE
07/04/2025 22:31,0,87.2,0,1,0,1,-21.05,133.58,0,FALSE
07/04/2025 22:31,0,87.2,0,1,0,1,-21.05,133.58,0,FALSE
07/04/2025 22:31,0,87.2,0,1,0,1,-21.05,133.58,0,FALSE
07/04/2025 22:31,0,87.2,0,1,0,1,-21.05,133.58,0,FALSE
07/04/2025 22:31,0,87.2,0,1,0,1,-21.05,133.58,0,FALSE
07/04/2025 22:31,0,87.2,0,1,0,1,-21.05,133.58,0,FALSE
07/04/2025 22:31,0,87.2,0,1,0,1,-21.05,133.58,0,FALSE
07/04/2025 22:31,0,87.2,0,1,0,1,-21.05,133.58,0,FALSE
07/04/2025 22:31,0,87.2,0,1,0,1,-21.05,133.58,0,FALSE
07/04/2025 22:31,0,87.2,0,1,0,1,-21.05,133.58,0,FALSE
07/04/2025 22:31,0,87.2,0,1,0,1,-21.05,133.58,0,FALSE
07/04/2025 22:31,0,87.2,0,1,0,1,-21.11,133.58,0,FALSE
07/04/2025 22:31,2.57,87.2,0,1,0,1,-21.11,133.58,0,FALSE
07/04/2025 22:31,2.57,87.2,0,1,0,1,-21.11,133.58,0,FALSE
07/04/2025 22:31,2.57,87.12,0,1,0,1,-21.11,133.58,0,FALSE
07/04/2025 22:31,2.57,87.12,0.85,1,0,1,-21.11,133.58,0,FALSE
07/04/2025 22:31,2.57,87.12,0.85,0,0,1,-21.11,133.58,0,FALSE
07/04/2025 22:31,2.57,87.12,0.85,0,0,1,-24.74,133.56,0,FALSE
07/04/2025 22:31,18.12,87.12,0.85,0,0,1,-24.74,133.56,0,FALSE
07/04/2025 22:31,18.12,87.12,0.85,0,0,1,-24.74,133.56,0,FALSE
07/04/2025 22:31,18.12,87.12,0,0,0,1,-24.74,133.56,0,FALSE
07/04/2025 22:31,18.12,87.12,0,0.7,0,1,-24.74,133.56,0,FALSE
07/04/2025 22:31,18.12,87.12,0,0.7,0,1,-29.15,133.53,0,FALSE
07/04/2025 22:31,18.12,87.12,0,0.7,0,1,-29.15,133.53,0,FALSE
07/04/2025 22:31,14.94,87.12,0,0.7,0,1,-29.15,133.53,0,FALSE
07/04/2025 22:31,14.94,87.03,0,0.7,0,1,-29.15,133.53,0,FALSE
07/04/2025 22:31,14.94,87.03,0.85,0.7,0,1,-29.15,133.53,0,FALSE
07/04/2025 22:31,14.94,87.03,0.85,0,0,1,-29.15,133.53,0,FALSE
07/04/2025 22:31,14.94,87.03,0.85,0,0,1,-35.87,133.49,0,FALSE
07/04/2025 22:31,30.72,87.03,0.85,0,0,1,-35.87,133.49,0,FALSE
07/04/2025 22:31,30.72,87.03,0.85,0,0,1,-35.87,133.49,0,FALSE
07/04/2025 22:31,30.72,87.03,0,0,0,1,-35.87,133.49,0,FALSE
07/04/2025 22:31,30.72,87.03,0,0.38,0,1,-35.87,133.49,0,FALSE
07/04/2025 22:31,30.72,87.03,0,0.38,0,1,-44.12,133.44,0,FALSE
07/04/2025 22:31,28.04,87.03,0,0.38,0,1,-44.12,133.44,0,FALSE
07/04/2025 22:31,28.04,87.03,0,0.38,0,1,-44.12,133.44,0,FALSE
07/04/2025 22:31,28.04,86.97,0,0.38,0,1,-44.12,133.44,0,FALSE
07/04/2025 22:31,28.04,86.97,0.67,0.38,0,1,-44.12,133.44,0,FALSE
07/04/2025 22:31,28.04,86.97,0.67,0,0,1,-44.12,133.44,0,FALSE
07/04/2025 22:31,28.04,86.97,0.67,0,0,1,-52.23,133.39,0,FALSE
07/04/2025 22:31,30.19,86.97,0.67,0,0,1,-52.23,133.39,0,FALSE
07/04/2025 22:31,30.19,86.97,0.67,0,0,1,-52.23,133.39,0,FALSE
07/04/2025 22:31,30.19,86.96,0.67,0,0,1,-52.23,133.39,0,FALSE
07/04/2025 22:31,30.19,86.96,0.09,0,0,1,-52.23,133.39,0,FALSE
07/04/2025 22:31,30.19,86.96,0.09,0,0,1,-60.44,133.31,0,FALSE
07/04/2025 22:31,28.15,86.96,0.09,0,0,1,-60.44,133.31,0,FALSE
07/04/2025 22:31,28.15,86.96,0.09,0,0,1,-60.44,133.31,0,FALSE
07/04/2025 22:31,28.15,86.89,0.09,0,0,1,-60.44,133.31,0,FALSE
07/04/2025 22:31,28.15,86.89,0.7,0,0,1,-60.44,133.31,0,FALSE
07/04/2025 22:31,28.15,86.89,0.7,0,0.05,1,-60.44,133.31,0,FALSE
07/04/2025 22:31,28.15,86.89,0.7,0,0.05,1,-68.56,132.64,0,FALSE
07/04/2025 22:31,29.8,86.89,0.7,0,0.05,1,-68.56,132.64,0,FALSE
07/04/2025 22:31,29.8,86.89,0.7,0,0.05,1,-68.56,132.64,0,FALSE
07/04/2025 22:31,29.8,86.89,0,0,0.05,1,-68.56,132.64,0,FALSE
07/04/2025 22:31,29.8,86.89,0,0.04,0.05,1,-68.56,132.64,0,FALSE
07/04/2025 22:31,29.8,86.89,0,0.04,0.01,1,-68.56,132.64,0,FALSE
07/04/2025 22:31,29.8,86.89,0,0.04,0.01,1,-76.35,130.59,0,FALSE
07/04/2025 22:31,28.47,86.89,0,0.04,0.01,1,-76.35,130.59,0,FALSE
07/04/2025 22:31,28.47,86.81,0,0.04,0.01,1,-76.35,130.59,0,FALSE
07/04/2025 22:31,28.47,86.81,0,0.04,0.01,1,-76.35,130.59,0,FALSE
07/04/2025 22:31,28.47,86.81,0.78,0.04,0.01,1,-76.35,130.59,0,FALSE
07/04/2025 22:31,28.47,86.81,0.78,0,0.01,1,-76.35,130.59,0,FALSE
07/04/2025 22:31,28.47,86.81,0.78,0,0.04,1,-76.35,130.59,0,FALSE
07/04/2025 22:31,28.47,86.81,0.78,0,0.04,1,-83.68,126.92,0,FALSE
07/04/2025 22:31,29.47,86.81,0.78,0,0.04,1,-83.68,126.92,0,FALSE
07/04/2025 22:31,29.47,86.81,0.78,0,0.04,1,-83.68,126.92,0,FALSE
07/04/2025 22:31,29.47,86.81,0.04,0,0.04,1,-83.68,126.92,0,FALSE
07/04/2025 22:31,29.47,86.81,0.04,0,0.07,1,-83.68,126.92,0,FALSE
07/04/2025 22:31,29.47,86.81,0.04,0,0.07,1,-90.1,121.87,0,FALSE
07/04/2025 22:31,29.03,86.81,0.04,0,0.07,1,-90.1,121.87,0,FALSE
07/04/2025 22:31,29.03,86.73,0.04,0,0.07,1,-90.1,121.87,0,FALSE
07/04/2025 22:31,29.03,86.73,0.04,0,0.07,1,-90.1,121.87,0,FALSE
07/04/2025 22:31,29.03,86.73,0.71,0,0.07,1,-90.1,121.87,0,FALSE
07/04/2025 22:31,29.03,86.73,0.71,0,0.05,1,-90.1,121.87,0,FALSE
07/04/2025 22:31,29.03,86.73,0.71,0,0.05,1,-95.36,115.63,0,FALSE
07/04/2025 22:31,28.96,86.73,0.71,0,0.05,1,-95.36,115.63,0,FALSE
07/04/2025 22:31,28.96,86.73,0.71,0,0.05,1,-95.36,115.63,0,FALSE
07/04/2025 22:31,28.96,86.72,0.71,0,0.05,1,-95.36,115.63,0,FALSE
07/04/2025 22:31,28.96,86.72,0.16,0,0.05,1,-95.36,115.63,0,FALSE
07/04/2025 22:31,28.96,86.72,0.16,0,0.1,1,-95.36,115.63,0,FALSE
07/04/2025 22:31,28.96,86.72,0.16,0,0.1,1,-99.6,108.55,0,FALSE
07/04/2025 22:31,29.58,86.72,0.16,0,0.1,1,-99.6,108.55,0,FALSE
07/04/2025 22:31,29.58,86.72,0.16,0,0.1,1,-99.6,108.55,0,FALSE
07/04/2025 22:31,29.58,86.66,0.16,0,0.1,1,-99.6,108.55,0,FALSE
07/04/2025 22:31,29.58,86.66,0.57,0,0.1,1,-99.6,108.55,0,FALSE
07/04/2025 22:31,29.58,86.66,0.57,0,0.01,1,-99.6,108.55,0,FALSE
07/04/2025 22:31,29.58,86.66,0.57,0,0.01,1,-102.92,101.06,0,FALSE
07/04/2025 22:31,28.48,86.66,0.57,0,0.01,1,-102.92,101.06,0,FALSE
07/04/2025 22:31,28.48,86.66,0.57,0,0.01,1,-102.92,101.06,0,FALSE
07/04/2025 22:31,28.48,86.63,0.57,0,0.01,1,-102.92,101.06,0,FALSE
07/04/2025 22:31,28.48,86.63,0.35,0,0.01,1,-102.92,101.06,0,FALSE
07/04/2025 22:31,28.48,86.63,0.35,0,0.03,1,-102.92,101.06,0,FALSE
07/04/2025 22:31,28.48,86.63,0.35,0,0.03,1,-105.34,93.31,0,FALSE
07/04/2025 22:31,29.67,86.63,0.35,0,0.03,1,-105.34,93.31,0,FALSE
07/04/2025 22:31,29.67,86.63,0.35,0,0.03,1,-105.34,93.31,0,FALSE
07/04/2025 22:31,29.67,86.6,0.35,0,0.03,1,-105.34,93.31,0,FALSE
07/04/2025 22:31,29.67,86.6,0.24,0,0.03,1,-105.34,93.31,0,FALSE
07/04/2025 22:31,29.67,86.6,0.24,0,0.07,1,-105.34,93.31,0,FALSE
07/04/2025 22:31,29.67,86.6,0.24,0,0.07,1,-106.86,85.15,0,FALSE
07/04/2025 22:31,28.56,86.6,0.24,0,0.07,1,-106.86,85.15,0,FALSE
07/04/2025 22:31,28.56,86.6,0.24,0,0.07,1,-106.86,85.15,0,FALSE
07/04/2025 22:31,28.56,86.55,0.24,0,0.07,1,-106.86,85.15,0,FALSE
07/04/2025 22:31,28.56,86.55,0.48,0,0.07,1,-106.86,85.15,0,FALSE
07/04/2025 22:31,28.56,86.55,0.48,0,0.01,1,-106.86,85.15,0,FALSE
07/04/2025 22:31,28.56,86.55,0.48,0,0.01,1,-107.41,76.97,0,FALSE
07/04/2025 22:31,29.5,86.55,0.48,0,0.01,1,-107.41,76.97,0,FALSE
07/04/2025 22:31,29.5,86.55,0.48,0,0.01,1,-107.41,76.97,0,TRUE
07/04/2025 22:31,29.5,86.53,0.48,0,0.01,1,-107.41,76.97,0,TRUE
07/04/2025 22:31,29.5,86.53,0.19,0,0.01,1,-107.41,76.97,0,TRUE
07/04/2025 22:31,29.5,86.53,0.19,0,0.01,1,-107.47,68.87,0,TRUE
07/04/2025 22:31,26.75,86.53,0.19,0,0.01,1,-107.47,68.87,0,TRUE
07/04/2025 22:31,26.75,86.53,0.19,0,0.01,1,-107.47,68.87,0,TRUE
07/04/2025 22:31,26.75,86.51,0.19,0,0.01,1,-107.47,68.87,0,TRUE
07/04/2025 22:31,26.75,86.51,0.25,0,0.01,1,-107.47,68.87,0,TRUE
07/04/2025 22:31,26.75,86.51,0.25,0,0.01,1,-107.42,61.82,0,TRUE
07/04/2025 22:31,24.43,86.51,0.25,0,0.01,1,-107.42,61.82,0,TRUE
07/04/2025 22:31,24.43,86.51,0.25,0,0.01,1,-107.42,61.82,0,TRUE
07/04/2025 22:31,24.43,86.51,0.04,0,0.01,1,-107.42,61.82,0,TRUE
07/04/2025 22:31,24.43,86.51,0.04,0,0,1,-107.42,61.82,0,TRUE
07/04/2025 22:31,24.43,86.51,0.04,0,0,1,-107.36,55.52,0,TRUE
07/04/2025 22:31,20.07,86.51,0.04,0,0,1,-107.36,55.52,0,TRUE
07/04/2025 22:31,20.07,86.51,0.04,0,0,1,-107.36,55.52,0,TRUE
07/04/2025 22:31,20.07,86.47,0.04,0,0,1,-107.36,55.52,0,TRUE
07/04/2025 22:31,20.07,86.47,0.31,0,0,1,-107.36,55.52,0,TRUE
07/04/2025 22:31,20.07,86.47,0.31,0,0,1,-107.32,51.99,0,TRUE
07/04/2025 22:31,0,86.47,0.31,0,0,1,-107.32,51.99,0,TRUE
07/04/2025 22:31,0,86.47,0.31,0,0,1,-107.32,51.99,0,TRUE
07/04/2025 22:31,0,86.47,0,0,0,1,-107.32,51.99,0,TRUE
07/04/2025 22:31,0,86.47,0,1,0,1,-107.32,51.99,0,TRUE
07/04/2025 22:31,0,86.47,0,1,0,1,-107.32,51.99,0,TRUE
07/04/2025 22:31,0,86.47,0,1,0,1,-107.32,51.99,0,TRUE
07/04/2025 22:31,0,86.47,0,1,0,1,-107.32,51.99,0,TRUE
07/04/2025 22:31,0,86.47,0,1,0,1,-107.32,51.99,0,TRUE
07/04/2025 22:31,0,86.47,0,1,0,1,-107.32,51.99,0,TRUE
07/04/2025 22:31,0,86.47,0,1,0,1,-107.32,51.99,0,TRUE
07/04/2025 22:31,0,86.47,0,1,0,1,-107.32,51.99,0,TRUE
07/04/2025 22:31,0,86.47,0,1,0,1,-107.32,51.99,0,TRUE
07/04/2025 22:32,0,86.47,0,1,0,1,-107.32,51.99,0,TRUE
07/04/2025 22:32,0,86.47,0,1,0,1,-107.32,51.99,0,TRUE
07/04/2025 22:32,0,86.47,0,1,0,1,-107.32,51.31,0,TRUE
07/04/2025 22:32,10.08,86.47,0,1,0,1,-107.32,51.31,0,TRUE
07/04/2025 22:32,10.08,86.47,0,1,0,1,-107.32,51.31,0,TRUE
07/04/2025 22:32,10.08,86.39,0,1,0,1,-107.32,51.31,0,TRUE
07/04/2025 22:32,10.08,86.39,0.85,1,0,1,-107.32,51.31,0,TRUE
07/04/2025 22:32,10.08,86.39,0.85,0,0,1,-107.32,51.31,0,TRUE
07/04/2025 22:32,10.08,86.39,0.85,0,0,1,-107.27,47.26,0,TRUE
07/04/2025 22:32,10.08,86.39,0.85,0,0,1,-107.27,47.26,0,TRUE
07/04/2025 22:32,12.04,86.39,0.85,0,0,1,-107.27,47.26,0,TRUE
07/04/2025 22:32,12.04,86.3,0.85,0,0,1,-107.27,47.26,0,TRUE
07/04/2025 22:32,23.55,86.3,0.85,0,0,1,-107.27,47.26,0,TRUE
07/04/2025 22:32,23.55,86.3,0.85,0,0,1,-107.19,42.16,0,TRUE
07/04/2025 22:32,23.55,86.22,0.85,0,0,1,-107.19,42.16,0,TRUE
07/04/2025 22:32,23.55,86.22,0.85,0,0,1,-107.19,42.16,0,TRUE
07/04/2025 22:32,23.55,86.22,0.85,0,0.02,1,-107.19,42.16,0,TRUE
07/04/2025 22:32,23.55,86.22,0.85,0,0.02,1,-106.39,34.17,0,TRUE
07/04/2025 22:32,29.4,86.22,0.85,0,0.02,1,-106.39,34.17,0,TRUE
07/04/2025 22:32,29.4,86.22,0.85,0,0.02,1,-106.39,34.17,0,TRUE
07/04/2025 22:32,29.4,86.14,0.85,0,0.02,1,-106.39,34.17,0,TRUE
07/04/2025 22:32,29.4,86.14,0.77,0,0.02,1,-106.39,34.17,0,TRUE
07/04/2025 22:32,29.4,86.14,0.77,0,0.17,1,-106.39,34.17,0,TRUE
07/04/2025 22:32,29.4,86.14,0.77,0,0.17,1,-102.06,27.31,0,TRUE
07/04/2025 22:32,29.4,86.14,0.77,0,0.17,1,-102.06,27.31,0,TRUE
07/04/2025 22:32,28.78,86.14,0.77,0,0.17,1,-102.06,27.31,0,TRUE
07/04/2025 22:32,28.78,86.14,0.03,0,0.17,1,-102.06,27.31,0,TRUE
07/04/2025 22:32,28.78,86.14,0.03,0,0.24,1,-102.06,27.31,0,TRUE
07/04/2025 22:32,28.78,86.14,0.03,0,0.24,1,-94.65,24.53,0,TRUE
07/04/2025 22:32,29.38,86.14,0.03,0,0.24,1,-94.65,24.53,0,TRUE
07/04/2025 22:32,29.38,86.06,0.03,0,0.24,1,-94.65,24.53,0,TRUE
07/04/2025 22:32,29.38,86.06,0.03,0,0.24,1,-94.65,24.53,0,TRUE
07/04/2025 22:32,29.38,86.06,0.78,0,0.24,1,-94.65,24.53,0,TRUE
07/04/2025 22:32,29.38,86.06,0.78,0,0.15,1,-94.65,24.53,0,TRUE
07/04/2025 22:32,29.38,86.06,0.78,0,0.15,1,-86.7,24.45,0,TRUE
07/04/2025 22:32,26.51,86.06,0.78,0,0.15,1,-86.7,24.45,0,TRUE
07/04/2025 22:32,26.51,86.06,0.78,0,0.15,1,-86.7,24.45,0,TRUE
07/04/2025 22:32,26.51,86.06,0,0,0.15,1,-86.7,24.45,0,TRUE
07/04/2025 22:32,26.51,86.06,0,0.1,0.15,1,-86.7,24.45,0,TRUE
07/04/2025 22:32,26.51,86.06,0,0.1,0,1,-86.7,24.45,0,TRUE
07/04/2025 22:32,26.51,86.06,0,0.1,0,1,-79.96,24.46,0,TRUE
07/04/2025 22:32,22.31,86.06,0,0.1,0,1,-79.96,24.46,0,TRUE
07/04/2025 22:32,22.31,86.01,0,0.1,0,1,-79.96,24.46,0,TRUE
07/04/2025 22:32,22.31,86.01,0,0.1,0,1,-79.96,24.46,0,TRUE
07/04/2025 22:32,22.31,86.01,0.54,0.1,0,1,-79.96,24.46,0,TRUE
07/04/2025 22:32,22.31,86.01,0.54,0,0,1,-79.96,24.46,0,TRUE
07/04/2025 22:32,22.31,86.01,0.54,0,0,1,-74,24.48,0,TRUE
07/04/2025 22:32,20.34,86.01,0.54,0,0,1,-74,24.48,0,TRUE
07/04/2025 22:32,20.34,86.01,0.54,0,0,1,-74,24.48,0,TRUE
07/04/2025 22:32,20.34,86.01,0,0,0,1,-74,24.48,0,TRUE
07/04/2025 22:32,20.34,86.01,0,0.38,0,1,-74,24.48,0,TRUE
07/04/2025 22:32,20.34,86.01,0,0.38,0,1,-69.94,24.48,0,TRUE
07/04/2025 22:32,6.96,86.01,0,0.38,0,1,-69.94,24.48,0,TRUE
07/04/2025 22:32,6.96,86.01,0,0.38,0,1,-69.94,24.48,0,TRUE
07/04/2025 22:32,6.96,86.01,0,1,0,1,-69.94,24.48,0,TRUE
07/04/2025 22:32,6.96,86.01,0,1,0,1,-69.71,24.48,0,TRUE
07/04/2025 22:32,0,86.01,0,1,0,1,-69.71,24.48,0,TRUE
07/04/2025 22:32,0,86.01,0,1,0,1,-69.71,24.48,0,TRUE
07/04/2025 22:32,0,86.01,0,1,0,1,-69.71,24.48,0,TRUE
07/04/2025 22:32,0,86.01,0,1,0,1,-69.71,24.48,0,TRUE
07/04/2025 22:32,0,86.01,0,1,0,1,-69.71,24.48,0,TRUE
07/04/2025 22:32,0,86.01,0,1,0,1,-69.71,24.48,0,FALSE
07/04/2025 22:32,0,86.01,0,1,0,1,-69.71,24.48,0,FALSE
07/04/2025 22:32,0,86.01,0,1,0,1,-69.71,24.48,0,FALSE
07/04/2025 22:32,0,86.01,0,1,0,1,-69.71,24.48,0,FALSE
07/04/2025 22:32,0,86.01,0,1,0,1,-69.71,24.48,0,FALSE
07/04/2025 22:32,0,86.01,0,1,0,1,-69.71,24.48,0,FALSE
07/04/2025 22:32,0,86.01,0,1,0,1,-69.71,24.48,0,FALSE
07/04/2025 22:32,0,86.01,0,1,0,1,-69.71,24.48,0,FALSE
07/04/2025 22:32,0,86.01,0,1,0,1,-69.71,24.48,0,FALSE
07/04/2025 22:32,0,86.01,0,1,0,1,-69.71,24.48,0,FALSE
07/04/2025 22:32,0,86.01,0,1,0,1,-69.71,24.48,0,FALSE
07/04/2025 22:32,0,86.01,0,1,0,1,-69.71,24.48,0,FALSE
07/04/2025 22:32,0,86.01,0,1,0,1,-69.71,24.48,0,FALSE
07/04/2025 22:32,0,86.01,0,1,0,1,-69.71,24.48,0,FALSE
07/04/2025 22:32,0,86.01,0,1,0,1,-69.71,24.48,0,FALSE
07/04/2025 22:32,0,86.01,0,1,0,1,-69.71,24.48,0,FALSE
07/04/2025 22:32,0,86.01,0,1,0,1,-69.71,24.48,0,FALSE
07/04/2025 22:32,0,86.01,0,1,0,1,-69.71,24.48,0,FALSE
